Y,X,Stop_ID,plt,weight,Order_ID
37.58409211,126.9706207,S_1,0.12,58.8,O_1
37.57606858,126.9688539,S_2,0.53,513.51,O_2
37.59241132,126.964065,S_4,1.28,500.0,O_3
37.60637332,126.9683674,S_5,0.77,263.68,O_4
37.57600022,126.9581596,S_6,0.27,168.46,O_5
37.57191387,126.9619602,S_7,0.32,87.5,O_6
37.57071161,126.9889709,S_9,4.04,3079.4,O_7
37.57206117,127.0050313,S_10,3.8,3237.0,O_8
37.57697973,127.0043465,S_11,0.11,67.37,O_9
37.57445049,127.010871,S_14,2.0,1980.72,O_10
37.57802956,127.0145586,S_15,1.2,209.0,O_11
37.55728611,126.9793555,S_19,0.67,272.36,O_12
37.5600479,126.9858184,S_20,1.0,1.0,O_13
37.56015769,126.9955974,S_21,4.76,1840.31,O_14
37.56190715,127.0078401,S_22,0.33,150.0,O_15
37.55247345,127.0089948,S_27,0.13,21.1,O_16
37.55706761,127.0146854,S_28,1.0,219.9,O_17
37.5651269,127.0218661,S_29,0.19,75.6,O_18
37.56742273,127.0213823,S_31,0.42,252.0,O_19
37.54869884,126.9781522,S_33,3.16,3500.0,O_20
37.54607483,126.9855706,S_34,0.58,230.0,O_21
37.54577416,126.9748246,S_35,0.74,165.12,O_22
37.5454791,126.9698731,S_36,4.23,2583.18,O_23
37.53435268,126.9515469,S_38,1.23,229.84,O_24
37.54250834,126.9618379,S_39,4.8,2104.92,O_25
37.5281408,126.9692276,S_41,0.42,325.25,O_26
37.5213567,126.9732982,S_42,0.71,119.39,O_27
37.52628266,126.9546591,S_43,5.18,4048.7,O_28
37.54190386,126.9901955,S_45,3.13,736.64,O_29
37.53456471,127.0004949,S_46,0.33,105.8,O_30
37.52630091,127.0001827,S_48,0.13,33.26,O_31
37.56787474,127.0255294,S_49,0.6,369.72,O_32
37.56631969,127.0454073,S_51,0.2,96.0,O_33
37.55850972,127.0361515,S_53,0.88,154.7,O_34
37.55313923,127.0334024,S_55,0.3,236.36,O_35
37.55485999,127.0216494,S_56,0.6,265.31,O_36
37.54102878,127.0496333,S_60,8.81,5617.98,O_37
37.54640255,127.0443497,S_61,0.1,40.0,O_38
37.5482232,127.0552456,S_63,1.36,1181.0,O_39
37.56406781,127.0555683,S_65,0.93,408.54,O_40
37.56066762,127.0800521,S_66,2.69,2028.92,O_41
37.56015047,127.0814751,S_67,0.17,32.0,O_42
37.56880689,127.0801381,S_68,2.11,1731.81,O_43
37.55909865,127.0894329,S_69,0.31,17.51,O_44
37.54241324,127.0856773,S_71,0.67,272.36,O_45
37.54561639,127.0883599,S_72,0.15,12.8,O_46
37.53799342,127.0919847,S_73,6.04,1448.42,O_47
37.53449795,127.0823949,S_75,1.0,1000.0,O_48
37.52879933,127.0843875,S_76,0.22,161.0,O_49
37.53409779,127.0662584,S_78,0.49,277.8,O_50
37.54652678,127.0712676,S_79,0.9,418.64,O_51
37.5551605,127.07589,S_80,0.36,265.06,O_52
37.57580011,127.0372752,S_81,0.76,576.0,O_53
37.5831288,127.0378228,S_82,0.12,21.99,O_54
37.57797071,127.0477271,S_83,0.39,198.92,O_55
37.57809107,127.0600078,S_84,0.13,23.7,O_56
37.57182309,127.0512749,S_85,0.11,51.9,O_57
37.56739777,127.0612821,S_86,0.2,187.2,O_58
37.56781936,127.0664131,S_87,0.42,277.5,O_59
37.57847147,127.0705894,S_88,0.36,360.0,O_60
37.58627625,127.0472854,S_89,0.12,36.69,O_61
37.59080616,127.0553779,S_90,0.17,200.0,O_62
37.59013384,127.0685918,S_92,1.2,331.02,O_63
37.5978135,127.065483,S_93,0.34,84.84,O_64
37.60337606,127.0651039,S_94,0.14,23.44,O_65
37.58575279,127.0794745,S_99,0.58,250.36,O_66
37.57901366,127.0869674,S_100,0.18,40.0,O_67
37.59983752,127.0871613,S_101,0.17,7.38,O_68
37.59289195,127.0808518,S_102,0.12,135.56,O_69
37.60625232,127.0941678,S_110,5.44,3456.04,O_70
37.59105175,127.0032478,S_111,1.01,630.95,O_71
37.59084573,127.0146418,S_112,0.13,96.59,O_72
37.59398014,127.0204087,S_113,0.12,92.4,O_73
37.59801698,127.010539,S_115,0.1,78.72,O_74
37.58037354,127.0228035,S_117,0.23,18.6,O_75
37.60446495,127.0111396,S_119,0.82,143.95,O_76
37.60681328,127.0272803,S_123,0.16,140.0,O_77
37.59903437,127.0352236,S_124,0.34,124.5,O_78
37.61053624,127.035762,S_125,0.11,67.05,O_79
37.60577914,127.0478706,S_126,0.12,90.0,O_80
37.62709135,127.0269751,S_132,0.19,19.2,O_81
37.61829748,127.023851,S_134,0.36,360.0,O_82
37.6300516,127.0175594,S_139,2.91,2083.8,O_83
37.64464458,127.0198895,S_140,0.15,13.66,O_84
37.6387147,127.0231464,S_141,0.2,78.41,O_85
37.64793425,127.0118697,S_142,0.13,8.4,O_86
37.64148693,127.0105968,S_143,0.39,123.8,O_87
37.65646373,127.0284052,S_147,0.33,363.4,O_88
37.61999186,127.0628833,S_158,0.77,375.32,O_89
37.63250969,127.0507799,S_159,0.2,250.0,O_90
37.62477801,127.0737505,S_161,0.42,103.26,O_91
37.62128712,127.0833787,S_162,0.13,64.0,O_92
37.63204326,127.0679518,S_164,0.22,45.85,O_93
37.64780328,127.0802862,S_165,0.21,87.25,O_94
37.64212979,127.0687318,S_167,0.13,46.3,O_95
37.65876366,127.0779752,S_168,0.92,568.8,O_96
37.67992984,127.0549605,S_169,0.41,212.5,O_97
37.65488369,127.0669501,S_173,0.25,200.64,O_98
37.61035273,126.9320881,S_178,0.13,80.19,O_99
37.62368848,126.9166888,S_180,0.13,208.0,O_100
37.61175584,126.9103541,S_182,0.11,8.36,O_101
37.61417599,126.9208071,S_183,0.1,49.4,O_102
37.59458158,126.9230685,S_185,1.14,428.93,O_103
37.60440241,126.9151009,S_187,0.12,62.88,O_104
37.59025708,126.9080583,S_189,1.0,1266.72,O_105
37.58435477,126.9070273,S_190,0.57,176.34,O_106
37.58352996,126.8936446,S_191,3.03,1164.43,O_107
37.56480697,126.9547199,S_193,0.26,128.0,O_108
37.55954878,126.9435048,S_196,2.14,430.37,O_109
37.57388703,126.9352207,S_197,0.17,7.38,O_110
37.58610547,126.9493691,S_199,0.13,8.4,O_111
37.59376657,126.9496911,S_200,1.78,1078.1,O_112
37.58010825,126.9341504,S_202,0.39,350.0,O_113
37.57843406,126.9238669,S_204,3.75,3000.0,O_114
37.57430267,126.9101907,S_205,0.17,99.0,O_115
37.55017417,126.9600328,S_207,0.13,75.0,O_116
37.54153106,126.9498753,S_209,0.64,425.0,O_117
37.54232552,126.9428348,S_210,1.21,814.56,O_118
37.55585899,126.9423208,S_211,0.53,416.7,O_119
37.54715926,126.9351045,S_213,0.25,256.0,O_120
37.55511048,126.9145897,S_215,4.98,2799.87,O_121
37.55161665,126.911726,S_216,1.56,1388.83,O_122
37.56336849,126.9078957,S_220,1.5,1291.42,O_123
37.57833432,126.894673,S_222,0.11,108.0,O_124
37.54614359,126.8717015,S_224,0.12,101.19,O_125
37.54474118,126.8644362,S_225,0.18,43.54,O_126
37.53243314,126.8683948,S_226,0.51,295.34,O_127
37.53718334,126.8817165,S_227,0.45,211.32,O_128
37.53280626,126.8315273,S_228,0.12,7.64,O_129
37.53363175,126.8290822,S_230,0.18,109.2,O_130
37.52469581,126.8400811,S_231,0.26,196.84,O_131
37.53858213,126.8271743,S_232,0.31,210.28,O_132
37.52188377,126.834709,S_234,0.25,264.0,O_133
37.51857188,126.8542861,S_235,0.23,54.12,O_134
37.51921418,126.870674,S_236,0.17,179.8,O_135
37.52456036,126.855803,S_238,0.4,240.0,O_136
37.55377136,126.8709657,S_241,0.12,182.0,O_137
37.54265827,126.8625035,S_243,7.56,3446.52,O_138
37.55888771,126.8479185,S_244,0.17,20.56,O_139
37.54404823,126.8476634,S_245,0.1,48.0,O_140
37.53050858,126.8415925,S_246,0.61,432.0,O_141
37.53182784,126.8544885,S_247,0.16,162.53,O_142
37.54252631,126.8384139,S_248,1.83,1374.0,O_143
37.53480238,126.8607489,S_249,0.2,53.21,O_144
37.53269577,126.8483304,S_251,0.5,303.75,O_145
37.56948816,126.8447046,S_253,0.51,273.62,O_146
37.56739892,126.8512712,S_254,2.92,1007.81,O_147
37.56108697,126.8605577,S_255,3.0,711.0,O_148
37.5531163,126.8331774,S_256,2.08,744.65,O_149
37.55878281,126.8100743,S_257,0.3,117.0,O_150
37.57034251,126.817051,S_258,1.6,1422.0,O_151
37.56671508,126.8067403,S_259,0.14,160.0,O_152
37.57871896,126.8136575,S_260,0.21,15.6,O_153
37.49304008,126.8757883,S_262,0.93,109.5,O_154
37.4913197,126.883399,S_263,0.35,334.0,O_155
37.48734704,126.89033,S_264,0.52,180.0,O_156
37.49157662,126.8891489,S_265,0.65,474.1,O_157
37.50010311,126.8893378,S_266,0.37,191.01,O_158
37.4825341,126.8897181,S_267,0.57,120.96,O_159
37.50040448,126.8627884,S_268,0.2,47.4,O_160
37.50669208,126.8586053,S_269,0.13,75.0,O_161
37.50024126,126.8511388,S_270,14.0,9072.0,O_162
37.49250746,126.8620329,S_271,0.83,212.0,O_163
37.4859944,126.8538383,S_272,1.13,510.4,O_164
37.49702838,126.8451219,S_273,0.22,216.07,O_165
37.48881354,126.8395133,S_274,0.12,1.82,O_166
37.4938915,126.8314768,S_275,0.3,69.51,O_167
37.48014529,126.8233947,S_276,0.63,192.0,O_168
37.47021905,126.8970437,S_278,1.52,480.44,O_169
37.4631474,126.9034825,S_279,0.4,226.0,O_170
37.46755353,126.9021682,S_281,1.47,947.95,O_171
37.44963195,126.9146119,S_283,2.0,1570.62,O_172
37.44025903,126.9058017,S_284,0.12,30.0,O_173
37.45897879,126.9061844,S_285,0.25,47.4,O_174
37.51466633,126.9093394,S_287,0.9,589.6,O_175
37.51769391,126.934614,S_289,0.58,151.7,O_176
37.52512811,126.8974049,S_290,0.2,47.4,O_177
37.5094934,126.8959996,S_292,0.15,108.0,O_178
37.52364629,126.8882263,S_294,0.5,303.75,O_179
37.53650136,126.8940394,S_295,1.36,261.43,O_180
37.51116875,126.9214422,S_296,4.17,1884.21,O_181
37.5016416,126.905219,S_299,0.35,26.3,O_182
37.50639203,126.9215141,S_301,0.23,156.0,O_183
37.49831352,126.8980344,S_304,0.17,42.4,O_184
37.51230121,126.9419936,S_305,1.0,97.2,O_185
37.50851669,126.9373567,S_306,0.1,17.4,O_186
37.50546805,126.9423012,S_308,0.93,784.75,O_187
37.49912572,126.931404,S_309,0.5,149.76,O_188
37.49937464,126.9414012,S_310,1.0,1000.0,O_189
37.505777,126.9665927,S_311,0.44,264.0,O_190
37.48310498,126.9787779,S_312,0.73,461.0,O_191
37.48097575,126.9716337,S_315,0.11,66.0,O_192
37.48566276,126.9669792,S_316,0.1,17.09,O_193
37.50815443,126.9263229,S_317,0.1,57.0,O_194
37.48894469,126.9100394,S_318,0.12,30.0,O_195
37.48817585,126.932778,S_320,1.79,1386.97,O_196
37.48419282,126.9497511,S_323,0.67,269.64,O_197
37.49184717,126.9586277,S_324,0.9,335.28,O_198
37.48064257,126.9570309,S_325,0.13,17.06,O_199
37.47649632,126.9583326,S_327,0.18,49.68,O_200
37.47509931,126.9653243,S_328,2.85,453.0,O_201
37.487396,126.9271139,S_330,0.1,100.0,O_202
37.48541288,126.9180359,S_331,0.18,126.0,O_203
37.47617498,126.9155517,S_333,0.29,203.94,O_204
37.47102189,126.9216418,S_334,0.34,187.8,O_205
37.4701073,126.9329623,S_339,0.34,202.0,O_206
37.49019154,127.0194671,S_341,0.24,144.0,O_207
37.49206947,127.0249478,S_342,0.42,70.0,O_208
37.48371635,127.0119913,S_343,0.84,258.83,O_209
37.50458542,126.9944717,S_348,0.2,200.0,O_210
37.49748589,127.0003286,S_350,0.3,103.9,O_211
37.49414867,126.988847,S_351,1.0,720.0,O_212
37.48336166,126.9945139,S_352,0.17,14.31,O_213
37.47977264,126.9855596,S_353,1.25,120.0,O_214
37.44935828,127.0583143,S_358,0.3,70.49,O_215
37.52397448,127.0227964,S_359,0.16,53.64,O_216
37.5115038,127.0285345,S_360,0.25,90.0,O_217
37.51728313,127.0372042,S_361,0.36,216.0,O_218
37.53061724,127.0306522,S_362,0.69,651.08,O_219
37.52509211,127.0492911,S_363,0.2,80.0,O_220
37.5143323,127.062501,S_364,0.33,320.0,O_221
37.49324481,127.056775,S_366,0.18,133.95,O_222
37.50230433,127.0641877,S_367,0.17,101.43,O_223
37.49972974,127.0578495,S_368,5.34,3685.3,O_224
37.49597383,127.046815,S_370,0.25,90.0,O_225
37.48372308,127.046407,S_372,0.5,175.62,O_226
37.47881995,127.0516585,S_375,0.81,468.54,O_227
37.48337906,127.0864829,S_376,1.91,213.14,O_228
37.48891301,127.1049908,S_379,1.31,1092.73,O_229
37.46904926,127.1069125,S_380,0.1,16.7,O_230
37.52923995,127.1157303,S_382,0.18,150.0,O_231
37.49694018,127.1433044,S_383,0.16,145.54,O_232
37.5109768,127.1239058,S_387,0.28,176.3,O_233
37.50298784,127.1280698,S_390,0.57,367.3,O_234
37.50626355,127.1093124,S_391,0.12,43.99,O_235
37.50272496,127.0925231,S_394,0.1,28.1,O_236
37.50304147,127.1230517,S_396,5.53,1681.76,O_237
37.49867675,127.1266095,S_397,0.85,261.2,O_238
37.49007382,127.1241807,S_398,0.26,28.03,O_239
37.48696583,127.1324383,S_400,0.24,48.33,O_240
37.48114953,127.1439356,S_401,0.1,87.0,O_241
37.50615944,127.0842989,S_402,3.0,1860.0,O_242
37.51189159,127.0885409,S_403,0.11,41.25,O_243
37.51329966,127.0943752,S_404,0.19,22.8,O_244
37.52010823,127.1122446,S_405,15.69,6252.76,O_245
37.50865223,127.0765197,S_407,0.39,266.34,O_246
37.56504103,127.1739072,S_408,0.23,47.48,O_247
37.5463638,127.1513524,S_412,0.1,89.5,O_248
37.5514791,127.1326396,S_415,0.22,56.16,O_249
37.55499636,127.1407841,S_417,3.22,1018.79,O_250
37.53047772,127.122458,S_421,1.05,254.98,O_251
37.52604217,127.1328839,S_423,0.13,8.9,O_252
37.53456231,127.1426858,S_424,0.29,212.47,O_253
37.45314708,126.6045123,S_428,7.0,2556.0,O_254
37.46765504,126.6340871,S_429,4.17,1884.21,O_255
37.46806974,126.6379078,S_430,0.32,152.5,O_256
37.47682521,126.6289482,S_432,0.83,435.2,O_257
37.4752255,126.6185426,S_433,0.5,385.5,O_258
37.48885379,126.5548446,S_435,0.31,120.0,O_259
37.44390218,126.4024337,S_437,0.53,208.0,O_260
37.48438723,126.6301776,S_440,0.44,264.0,O_261
37.47849492,126.6333817,S_441,8.98,6423.0,O_262
37.48228851,126.6426455,S_442,0.31,97.69,O_263
37.47581426,126.6426792,S_444,0.23,88.86,O_264
37.47472619,126.6488033,S_445,0.17,10.0,O_265
37.47731386,126.6477986,S_447,7.76,2656.46,O_266
37.45617741,126.6442199,S_453,0.2,55.1,O_267
37.45674657,126.6519011,S_454,0.17,154.54,O_268
37.47092611,126.6661471,S_459,13.34,8671.47,O_269
37.44488455,126.6740315,S_462,0.17,117.0,O_270
37.45512738,126.6903025,S_463,0.16,190.5,O_271
37.46592091,126.6870501,S_464,0.31,96.0,O_272
37.46127832,126.692311,S_465,0.1,109.5,O_273
37.44956626,126.6893094,S_467,2.15,1487.48,O_274
37.44417922,126.6968093,S_468,0.2,90.32,O_275
37.43768495,126.6850043,S_469,0.45,344.4,O_276
37.42619045,126.6482901,S_471,0.34,113.52,O_277
37.42225406,126.6810562,S_473,0.32,64.03,O_278
37.4116668,126.6818349,S_474,0.12,151.12,O_279
37.41933026,126.6919605,S_475,0.74,496.8,O_280
37.42501426,126.666092,S_476,1.35,898.21,O_281
37.40960121,126.6707753,S_477,6.0,2157.68,O_282
37.40845834,126.6783262,S_479,0.34,85.92,O_283
37.3880856,126.6349147,S_483,0.81,468.54,O_284
37.41391057,126.6232673,S_484,0.18,59.52,O_285
37.44765055,126.7124925,S_485,2.64,1952.34,O_286
37.45611051,126.7133534,S_486,4.23,1508.81,O_287
37.46398154,126.7109443,S_490,0.27,168.46,O_288
37.46613822,126.7145502,S_491,0.13,74.06,O_289
37.44872104,126.731968,S_493,0.45,98.71,O_290
37.4613903,126.7311606,S_494,0.81,525.0,O_291
37.46196342,126.723005,S_495,1.53,1065.36,O_292
37.45947517,126.7356207,S_496,1.25,120.0,O_293
37.44376732,126.7376512,S_498,0.14,54.0,O_294
37.4358821,126.7473662,S_499,0.17,77.76,O_295
37.42791756,126.7507057,S_500,1.07,592.0,O_296
37.40422441,126.716394,S_503,0.15,54.0,O_297
37.39776864,126.7263887,S_504,0.18,20.38,O_298
37.49421416,126.7200667,S_505,0.1,24.38,O_299
37.48515092,126.7265942,S_510,0.3,172.15,O_300
37.50585938,126.7086019,S_512,0.18,54.0,O_301
37.51759423,126.7271355,S_517,4.75,2893.64,O_302
37.51074234,126.7257122,S_518,3.36,1664.23,O_303
37.51818374,126.7371372,S_519,1.16,779.32,O_304
37.48470342,126.7368841,S_521,2.76,513.36,O_305
37.49481764,126.7371225,S_522,14.0,7974.67,O_306
37.4845362,126.7469541,S_524,1.39,864.0,O_307
37.47387495,126.7078619,S_526,0.16,93.0,O_308
37.53960519,126.7213477,S_529,2.25,324.0,O_309
37.5450816,126.7283322,S_530,0.15,48.0,O_310
37.53773446,126.7289786,S_531,0.23,175.85,O_311
37.53079932,126.7296969,S_533,0.6,394.36,O_312
37.53291373,126.7239086,S_534,1.95,958.36,O_313
37.57709007,126.7334825,S_536,1.51,720.7,O_314
37.56441807,126.6736016,S_539,2.0,1056.4,O_315
37.5326712,126.6537481,S_541,0.24,171.0,O_316
37.51554679,126.6778385,S_546,1.32,261.97,O_317
37.51460915,126.6722848,S_547,0.18,73.5,O_318
37.51118634,126.6747608,S_548,1.9,1355.34,O_319
37.50820245,126.6782989,S_550,0.29,127.6,O_320
37.49434385,126.6725871,S_551,0.25,137.93,O_321
37.49083842,126.6848481,S_552,0.1,62.68,O_322
37.49250983,126.6800417,S_553,0.13,31.0,O_323
37.48748624,126.683403,S_554,0.43,191.4,O_324
37.60508641,126.6618003,S_555,0.13,42.98,O_325
37.61709059,126.6889495,S_556,0.16,27.83,O_326
37.59210015,126.6746299,S_558,0.19,47.52,O_327
37.59537586,126.6737139,S_560,0.35,173.67,O_328
37.74815636,126.4835215,S_562,1.05,48.04,O_329
37.71355037,126.4848279,S_563,0.13,80.0,O_330
37.68646904,126.4798801,S_564,0.11,82.08,O_331
37.64035969,126.4910236,S_565,0.54,540.0,O_332
37.63169982,126.4198415,S_566,0.11,9.0,O_333
37.66288936,126.4221118,S_567,0.22,185.46,O_334
37.79823229,126.408698,S_570,4.92,1630.59,O_335
37.76465305,126.4630361,S_571,0.15,104.4,O_336
37.31031825,126.9974202,S_573,0.54,151.51,O_337
37.30220846,126.9912945,S_575,0.57,120.96,O_338
37.29507788,127.0004395,S_576,0.29,108.36,O_339
37.29314857,127.0139656,S_578,0.15,80.0,O_340
37.30053949,127.0070465,S_579,4.23,1483.4,O_341
37.29056091,127.0215333,S_582,0.14,93.9,O_342
37.25805967,126.9941712,S_586,3.95,1351.07,O_343
37.27711683,126.9714666,S_588,1.53,1065.36,O_344
37.27273093,126.9521896,S_589,0.24,245.34,O_345
37.26622817,126.9570475,S_590,0.18,50.6,O_346
37.25775117,127.0246074,S_591,0.13,27.49,O_347
37.25132394,127.0297122,S_592,0.12,59.28,O_348
37.243319,127.0333293,S_593,3.0,1860.0,O_349
37.29321213,126.9595429,S_594,0.47,68.9,O_350
37.28405012,127.0126478,S_595,5.8,1885.37,O_351
37.26889118,127.0059534,S_597,0.17,58.28,O_352
37.27345339,127.0011304,S_598,0.14,40.0,O_353
37.27642213,126.9950333,S_599,0.72,262.2,O_354
37.27800309,127.0397814,S_603,0.6,197.62,O_355
37.2651192,127.0487056,S_608,0.13,120.0,O_356
37.27349637,127.0532671,S_609,0.2,135.58,O_357
37.2901826,127.0473961,S_610,0.31,256.0,O_358
37.24696205,127.0563253,S_613,1.79,1386.97,O_359
37.25256289,127.0769161,S_614,0.31,115.04,O_360
37.23778915,127.0608407,S_615,0.65,84.98,O_361
37.67739647,126.8758551,S_618,0.61,422.19,O_362
37.64496169,126.8543437,S_619,7.6,4193.21,O_363
37.65294798,126.8329134,S_621,0.4,191.63,O_364
37.6579969,126.9469561,S_622,0.51,212.88,O_365
37.65258037,126.8937204,S_623,0.24,144.0,O_366
37.64551107,126.8865439,S_624,0.12,11.72,O_367
37.70335325,126.9037232,S_625,0.21,84.7,O_368
37.68801485,126.8625336,S_626,1.83,556.8,O_369
37.62269237,126.8180323,S_627,0.52,47.28,O_370
37.64467793,126.8334694,S_628,0.13,102.8,O_371
37.63055912,126.8357023,S_629,0.1,50.0,O_372
37.61843889,126.8253002,S_630,0.12,46.7,O_373
37.62232049,126.8358861,S_631,0.18,77.31,O_374
37.6151649,126.8330294,S_632,0.36,265.06,O_375
37.60003849,126.8726436,S_634,0.4,180.0,O_376
37.5855546,126.8751729,S_635,0.75,592.32,O_377
37.67734126,126.8137087,S_636,0.39,101.08,O_378
37.69181748,126.7804395,S_637,2.78,1781.7,O_379
37.67246048,126.779829,S_638,1.31,460.64,O_380
37.66408302,126.799862,S_639,0.17,51.17,O_381
37.643913,126.7854948,S_641,0.23,142.57,O_382
37.65581568,126.7897919,S_642,0.53,416.7,O_383
37.65359099,126.7844565,S_643,0.61,294.45,O_384
37.64988207,126.7783168,S_645,0.18,124.0,O_385
37.70190913,126.8271794,S_646,6.0,3840.0,O_386
37.68462294,126.7771814,S_648,0.11,33.44,O_387
37.67697357,126.770239,S_649,0.63,630.0,O_388
37.69431631,126.7684128,S_650,0.65,84.98,O_389
37.67011745,126.7632954,S_651,0.29,161.15,O_390
37.68297474,126.7551225,S_653,0.4,246.48,O_391
37.69091106,126.7542924,S_655,2.07,692.63,O_392
37.44305053,127.1411825,S_656,1.23,258.25,O_393
37.44353181,127.1488541,S_658,0.1,0.06,O_394
37.4477013,127.1414857,S_662,0.2,200.0,O_395
37.43857117,127.1390283,S_663,0.26,128.0,O_396
37.4373159,127.1287464,S_664,0.13,44.88,O_397
37.44968085,127.1556538,S_665,0.14,140.0,O_398
37.45221307,127.1500716,S_666,1.1,880.0,O_399
37.45490106,127.1609619,S_667,0.94,810.09,O_400
37.46587915,127.1271126,S_668,0.16,127.88,O_401
37.45469569,127.1045037,S_670,1.0,720.0,O_402
37.42884238,127.104861,S_671,0.15,148.55,O_403
37.43533517,127.1381125,S_673,0.13,28.36,O_404
37.44293163,127.1562683,S_674,0.33,171.0,O_405
37.44508402,127.1624469,S_675,0.21,200.0,O_406
37.44627092,127.1640171,S_676,0.33,120.0,O_407
37.45708867,127.1665193,S_678,0.13,27.49,O_408
37.43967369,127.1654452,S_681,0.32,152.5,O_409
37.37546375,127.1180641,S_685,0.79,855.0,O_410
37.37276163,127.1063236,S_689,5.02,1462.37,O_411
37.37605256,127.1346045,S_693,0.18,56.58,O_412
37.39955334,127.127162,S_694,0.14,46.87,O_413
37.39957655,127.1218899,S_695,0.12,11.4,O_414
37.40942441,127.1273763,S_697,0.43,190.4,O_415
37.41083275,127.1379404,S_698,0.19,46.0,O_416
37.35163402,127.1070858,S_699,1.0,990.36,O_417
37.34022733,127.1226114,S_700,2.69,1438.2,O_418
37.38992231,127.0986737,S_702,1.88,543.53,O_419
37.40612665,127.1163078,S_703,0.1,87.0,O_420
37.38853702,127.1108378,S_704,1.36,483.16,O_421
37.27781781,127.2308231,S_706,10.31,5605.95,O_422
37.14112038,127.1961973,S_708,0.63,338.77,O_423
37.2354869,127.2798389,S_712,0.21,25.2,O_424
37.24963097,127.165158,S_715,0.34,170.0,O_425
37.25285779,127.21205,S_716,0.17,54.0,O_426
37.27257613,127.1064466,S_718,0.62,436.0,O_427
37.26668824,127.0918543,S_720,0.78,344.65,O_428
37.27242458,127.1275882,S_721,0.2,11.16,O_429
37.25395722,127.1082969,S_723,0.22,114.0,O_430
37.23797804,127.0683832,S_725,0.17,112.8,O_431
37.29676402,127.1189815,S_726,0.3,331.12,O_432
37.3015797,127.117447,S_727,3.5,2550.0,O_433
37.27799596,127.1515984,S_728,0.31,60.72,O_434
37.28107184,127.1442402,S_730,0.68,167.42,O_435
37.32018859,127.1130928,S_732,0.12,50.36,O_436
37.32795741,127.0950287,S_733,0.17,62.28,O_437
37.31946228,127.0887777,S_734,0.16,140.0,O_438
37.32798643,127.1141859,S_738,0.44,428.25,O_439
37.30462736,127.0811467,S_740,0.42,396.0,O_440
37.31036044,127.0865294,S_741,0.16,61.8,O_441
37.4874893,126.7870458,S_744,0.66,182.99,O_442
37.49673391,126.7875099,S_745,0.31,192.89,O_443
37.48781303,126.7681853,S_746,1.0,1100.0,O_444
37.50605015,126.7625911,S_747,3.53,1234.62,O_445
37.5006354,126.7540994,S_748,0.11,80.0,O_446
37.48243727,126.7790032,S_749,1.01,1250.0,O_447
37.47842207,126.8068974,S_751,1.57,951.75,O_448
37.52834682,126.7960266,S_753,0.16,15.96,O_449
37.31032626,126.8661995,S_754,0.12,43.2,O_450
37.29710511,126.851049,S_756,0.32,246.0,O_451
37.29473457,126.8200517,S_758,0.1,64.29,O_452
37.28510646,126.8642496,S_759,0.14,78.4,O_453
37.30145972,126.8638337,S_761,0.13,8.4,O_454
37.33167223,126.8610096,S_762,0.39,350.0,O_455
37.33370457,126.8568339,S_763,0.27,231.7,O_456
37.32064549,126.8495165,S_764,1.0,80.8,O_457
37.30605199,126.9021677,S_765,0.33,400.0,O_458
37.32707575,126.8191722,S_768,4.12,3305.63,O_459
37.32385698,126.8376159,S_769,0.6,197.62,O_460
37.32808335,126.7970462,S_772,1.5,900.0,O_461
37.33483281,126.783189,S_773,0.25,104.9,O_462
37.33836025,126.8029217,S_776,0.49,154.33,O_463
37.34504684,126.812543,S_777,0.1,84.0,O_464
37.69857479,127.2048424,S_783,5.93,2649.71,O_465
37.64898445,127.1446679,S_784,0.15,78.0,O_466
37.70267735,127.1248906,S_785,0.11,68.2,O_467
37.53588277,127.3034549,S_787,0.24,141.7,O_468
37.65456793,127.2489488,S_788,0.18,42.55,O_469
37.6484036,127.2361037,S_789,2.02,1755.0,O_470
37.61635592,127.1871418,S_791,12.38,6450.25,O_471
37.61390327,127.1553445,S_792,0.63,202.5,O_472
37.64616615,127.1218825,S_794,7.34,5064.4,O_473
37.39628324,126.914745,S_797,0.16,24.54,O_474
37.39654594,126.9178758,S_798,0.11,69.72,O_475
37.39006762,126.9305797,S_800,0.57,194.42,O_476
37.39146476,126.933741,S_801,0.12,77.58,O_477
37.38419674,126.9321362,S_802,0.1,100.0,O_478
37.41386797,126.909374,S_805,0.12,51.96,O_479
37.40365179,126.9091723,S_807,0.1,68.0,O_480
37.40195985,126.9047083,S_808,0.17,116.64,O_481
37.39794469,126.9388492,S_810,0.35,232.97,O_482
37.4040587,126.9455656,S_811,2.76,2024.0,O_483
37.39609732,126.9501774,S_813,2.69,1438.2,O_484
37.4022796,126.970997,S_815,0.16,28.75,O_485
37.39465532,126.9770838,S_817,0.21,64.8,O_486
37.39039994,126.9642711,S_818,0.4,151.31,O_487
37.3676845,126.9587908,S_822,2.43,1820.18,O_488
37.38976203,126.9525134,S_823,2.4,1374.63,O_489
37.38180475,126.9563165,S_824,0.26,10.62,O_490
37.13242413,126.9203224,S_828,0.11,39.62,O_491
37.21176342,126.8237702,S_829,0.86,424.22,O_492
37.23581859,126.8738925,S_831,0.1,50.0,O_493
37.205486,126.7696448,S_832,0.1,120.0,O_494
37.21784005,126.7391625,S_833,0.21,64.8,O_495
37.16223388,126.9049013,S_835,0.13,13.0,O_496
37.0798361,126.8313186,S_836,0.68,315.64,O_497
37.16027294,126.9711097,S_838,0.78,247.09,O_498
37.28124581,126.8187163,S_839,0.15,102.37,O_499
37.20687016,127.0372758,S_841,0.19,47.52,O_500
37.21147771,127.0430227,S_842,0.34,170.0,O_501
37.22428167,126.9845288,S_844,0.17,10.0,O_502
37.20609243,127.0148686,S_845,0.16,140.0,O_503
37.19694455,127.0723124,S_847,0.49,358.0,O_504
37.20994358,127.0587656,S_848,0.2,96.0,O_505
37.19979999,127.1122094,S_849,12.57,5219.55,O_506
37.19146381,127.0901757,S_851,0.71,243.86,O_507
36.96517665,127.0623454,S_854,0.75,197.12,O_508
36.98562396,126.9319962,S_855,0.12,77.02,O_509
36.9828199,126.8853101,S_856,0.13,8.4,O_510
37.10824135,127.0353324,S_858,0.11,39.6,O_511
36.96734796,126.9214891,S_862,0.3,9.03,O_512
37.05555845,127.0560539,S_863,1.1,7.92,O_513
37.0677688,127.0546908,S_864,0.5,54.2,O_514
37.04440469,127.0948511,S_865,0.13,28.36,O_515
37.08165063,127.0602332,S_867,0.83,840.0,O_516
37.07645155,127.0524347,S_869,0.79,855.0,O_517
36.99003881,127.0926502,S_870,0.88,192.52,O_518
36.98927797,127.0804967,S_871,0.12,30.0,O_519
37.00079812,127.0872779,S_872,0.96,615.18,O_520
36.99995521,127.0824189,S_875,0.25,301.2,O_521
37.01522983,127.1034274,S_877,1.0,9.6,O_522
37.74644875,127.0476178,S_879,0.15,9.0,O_523
37.74078126,127.0427874,S_880,1.19,244.42,O_524
37.732282,127.0491381,S_881,7.07,0.6,O_525
37.72640948,127.0542646,S_882,0.23,166.0,O_526
37.71199191,127.048759,S_883,5.9,4542.88,O_527
37.72645877,127.0431115,S_884,3.32,2390.47,O_528
37.7436179,127.0579061,S_886,1.02,499.89,O_529
37.73974459,127.0900012,S_888,0.19,180.0,O_530
37.75031395,127.0581527,S_889,0.17,174.86,O_531
37.74627859,127.0307081,S_891,0.77,323.48,O_532
37.44850809,126.7846944,S_893,0.16,200.0,O_533
37.40617922,126.7846121,S_895,0.12,64.37,O_534
37.43644671,126.7979837,S_896,7.21,3843.94,O_535
37.41800923,126.8153434,S_897,1.92,754.72,O_536
37.34001257,126.7850261,S_899,1.0,1090.2,O_537
37.34940868,126.7460656,S_900,0.21,157.05,O_538
37.34025993,126.7439835,S_901,0.1,72.0,O_539
37.3576114,126.7264502,S_903,0.37,25.44,O_540
37.3655036,126.7322533,S_904,0.28,160.4,O_541
37.37170497,126.7357332,S_905,0.11,10.2,O_542
37.43687441,126.8328888,S_907,0.14,27.89,O_543
37.36641994,126.8159456,S_909,1.25,1250.4,O_544
37.38889395,126.7423901,S_910,12.35,6905.65,O_545
37.37748184,126.7880785,S_911,0.1,108.0,O_546
37.85654905,126.7909555,S_912,1.42,796.6,O_547
37.84916518,126.8823945,S_914,1.0,720.0,O_548
37.83074372,126.8199777,S_915,0.15,56.18,O_549
37.77616345,126.8512198,S_916,0.17,160.02,O_550
37.79929135,126.7891973,S_918,8.55,3403.81,O_551
37.95428412,126.9176152,S_919,0.12,37.08,O_552
37.92188568,126.837603,S_920,0.2,44.0,O_553
37.75302558,126.746896,S_921,0.77,463.74,O_554
37.72410397,126.7515033,S_923,3.87,2996.24,O_555
37.71711557,126.743626,S_924,0.14,49.18,O_556
37.75158647,126.7771997,S_926,1.0,80.8,O_557
37.77141527,126.778354,S_927,0.2,43.59,O_558
37.60330465,126.7709491,S_929,0.25,168.0,O_559
37.64909142,126.5819003,S_931,0.12,1.82,O_560
37.62756741,126.7057384,S_934,0.32,138.97,O_561
37.65230612,126.6716999,S_935,0.7,1176.0,O_562
37.60214912,126.7220352,S_937,0.23,50.97,O_563
37.63972435,126.6713325,S_938,0.13,120.0,O_564
37.64647889,126.6236797,S_939,0.1,40.0,O_565
37.64111443,126.6439911,S_941,0.14,64.8,O_566
37.48021789,126.856949,S_944,0.18,150.0,O_567
37.47713341,126.8563141,S_945,3.48,1664.05,O_568
37.47876808,126.8475135,S_946,12.35,6905.65,O_569
37.47105755,126.848664,S_947,0.35,214.2,O_570
37.46938912,126.8530707,S_948,1.0,720.0,O_571
37.49081757,126.8679025,S_949,0.15,41.27,O_572
37.46512676,126.8690487,S_953,0.31,82.5,O_573
37.45222291,126.8849694,S_957,0.12,11.72,O_574
37.41546028,126.8513462,S_960,1.33,920.0,O_575
37.38524458,127.2879437,S_962,0.26,28.03,O_576
37.35093259,127.3523771,S_963,0.67,180.0,O_577
37.30481922,127.3311703,S_964,0.15,22.52,O_578
37.494275,127.3019844,S_966,0.63,300.0,O_579
37.39987292,127.2702267,S_969,0.33,63.2,O_580
37.41969131,127.2461005,S_971,0.53,117.6,O_581
37.36540019,126.9392714,S_978,0.63,300.0,O_582
37.35103214,126.9295372,S_980,0.1,20.0,O_583
37.35965817,126.9218479,S_982,1.8,1011.85,O_584
37.36208607,126.927942,S_983,0.25,80.41,O_585
37.31622446,126.9238208,S_985,0.19,36.73,O_586
37.15235202,127.0732064,S_986,0.3,70.49,O_587
37.18830046,127.0408252,S_990,1.0,756.0,O_588
37.14019607,127.0441039,S_991,1.01,414.56,O_589
37.11494247,127.6168355,S_992,0.83,159.04,O_590
37.33908652,127.4907291,S_995,0.27,46.72,O_591
37.22272225,127.4249087,S_996,0.11,74.72,O_592
37.24897314,127.3579683,S_997,0.63,603.5,O_593
37.22987622,127.4923881,S_998,0.3,89.46,O_594
37.17180694,127.4801037,S_999,0.45,133.92,O_595
37.13236181,127.5219963,S_1000,0.16,66.5,O_596
37.09431119,127.5464538,S_1001,0.73,280.8,O_597
37.28288736,127.4411466,S_1002,0.43,190.4,O_598
37.2903844,127.452482,S_1003,0.1,20.0,O_599
37.27823858,127.4410727,S_1004,0.1,40.0,O_600
37.28265925,127.438227,S_1005,0.17,96.0,O_601
37.00101805,127.1725171,S_1006,0.19,42.38,O_602
36.97525445,127.2148414,S_1010,0.61,432.0,O_603
37.01242783,127.2379048,S_1011,0.29,207.0,O_604
37.03957521,127.1294469,S_1013,0.14,109.0,O_605
37.09056761,127.477036,S_1014,1.0,720.0,O_606
37.08269481,127.2634588,S_1017,0.13,88.0,O_607
37.00567175,127.2742665,S_1018,1.19,505.66,O_608
37.00055641,127.2697871,S_1019,0.63,630.0,O_609
37.79478033,126.9852909,S_1021,0.21,144.0,O_610
37.875102,127.0244053,S_1022,0.13,50.0,O_611
37.89761341,126.9768945,S_1023,0.24,78.2,O_612
37.71788521,126.9408836,S_1025,0.13,56.66,O_613
37.79689463,127.0803438,S_1027,0.13,22.2,O_614
37.84705955,127.0646529,S_1028,0.84,374.58,O_615
37.82166172,127.0467604,S_1029,0.13,81.01,O_616
37.837243,127.0900776,S_1031,0.64,191.58,O_617
37.60123097,127.1276709,S_1035,0.75,690.0,O_618
37.59640872,127.1491555,S_1037,0.38,199.13,O_619
37.59319176,127.1400938,S_1038,0.82,465.41,O_620
37.82349671,127.1384307,S_1040,0.25,81.7,O_621
37.78613867,127.2285903,S_1042,0.17,96.0,O_622
37.84821089,127.1861434,S_1043,0.1,17.09,O_623
37.99131124,127.1890866,S_1045,1.3,662.7,O_624
38.00542802,127.2446602,S_1046,0.13,72.78,O_625
38.15773197,127.2507111,S_1050,0.13,23.59,O_626
37.89821688,127.2003247,S_1052,0.22,42.39,O_627
37.8541363,127.1592045,S_1053,2.0,1000.0,O_628
37.34580156,126.9768957,S_1054,0.56,480.0,O_629
37.31873929,126.956765,S_1055,0.14,11.4,O_630
37.37828396,126.9755967,S_1057,1.54,1034.24,O_631
37.38752757,126.9816108,S_1058,0.18,120.0,O_632
37.38873127,126.9963688,S_1059,1.66,612.5,O_633
37.51922872,127.2240438,S_1060,0.1,10.0,O_634
37.5416895,127.2139216,S_1062,3.7,1062.51,O_635
37.54227921,127.1981187,S_1064,0.65,202.35,O_636
37.55251244,127.2047861,S_1065,0.11,108.0,O_637
37.56034074,127.1887902,S_1067,4.98,3944.94,O_638
37.56718307,127.1860679,S_1068,0.29,62.96,O_639
37.52216576,127.1941471,S_1072,0.19,36.73,O_640
37.5366037,127.1708579,S_1073,0.96,186.0,O_641
37.20165418,127.5448729,S_1074,0.12,6.0,O_642
37.2999858,127.5734637,S_1076,0.8,360.0,O_643
37.33330365,127.5414254,S_1077,3.55,605.69,O_644
37.39257969,127.5333597,S_1078,0.4,115.96,O_645
37.40206306,127.442956,S_1079,0.22,93.92,O_646
37.37507087,127.5865435,S_1080,0.12,62.24,O_647
37.32905517,127.6790797,S_1081,1.0,1000.0,O_648
37.27284624,127.7110728,S_1082,0.76,190.0,O_649
37.29496555,127.6396267,S_1083,4.91,4078.07,O_650
37.30521189,127.6382715,S_1085,0.1,60.0,O_651
37.48643135,127.4935139,S_1086,0.24,15.48,O_652
37.47720344,127.4854783,S_1087,10.0,6283.4,O_653
37.54397862,127.3260534,S_1089,0.14,200.0,O_654
37.53855944,127.672992,S_1092,0.12,50.36,O_655
37.42512212,127.7511876,S_1094,0.18,43.54,O_656
37.47446265,127.6393253,S_1095,0.11,67.6,O_657
37.48666949,127.5957862,S_1096,1.2,544.67,O_658
37.90739536,127.0658957,S_1098,0.75,300.0,O_659
37.9011996,127.0498981,S_1099,0.22,45.06,O_660
37.90775602,127.0532387,S_1100,0.1,70.99,O_661
37.91764264,127.061317,S_1101,0.2,116.6,O_662
37.90537313,127.0442787,S_1105,0.35,310.0,O_663
37.43319214,126.9934082,S_1106,0.21,128.19,O_664
37.42417028,126.9937191,S_1108,0.1,60.0,O_665
37.43345983,126.9985418,S_1109,0.24,20.04,O_666
37.42640288,127.0018992,S_1111,0.17,108.0,O_667
37.67610107,127.494089,S_1113,0.26,225.0,O_668
37.81771876,127.3531912,S_1116,0.23,55.3,O_669
37.88813598,127.5492734,S_1117,0.13,27.49,O_670
38.02800257,127.0637049,S_1119,0.53,223.85,O_671
38.04743055,126.9928328,S_1123,0.4,191.63,O_672
38.0581977,127.0128518,S_1124,0.32,176.4,O_673
38.13582461,127.0191015,S_1126,0.21,60.0,O_674
None,None,Terminal,0.19,22.8,O_675
37.59640872,127.1491555,S_1037,0.26,122.1,O_676
37.59640872,127.1491555,S_1037,0.27,172.6,O_677
37.48470342,126.7368841,S_521,0.21,93.14,O_678
37.48470342,126.7368841,S_521,0.1,13.68,O_679
37.71199191,127.048759,S_883,0.28,198.0,O_680
37.40206306,127.442956,S_1079,0.42,420.0,O_681
37.31622446,126.9238208,S_985,0.82,700.0,O_682
37.61709059,126.6889495,S_556,1.11,476.23,O_683
37.61709059,126.6889495,S_556,0.11,61.2,O_684
37.07645155,127.0524347,S_869,0.31,60.72,O_685
37.28510646,126.8642496,S_759,0.33,329.76,O_686
37.46512676,126.8690487,S_953,0.33,63.2,O_687
37.46512676,126.8690487,S_953,0.71,575.0,O_688
37.37170497,126.7357332,S_905,0.72,608.06,O_689
37.57388703,126.9352207,S_197,5.09,1588.25,O_690
37.61390327,127.1553445,S_792,0.24,136.3,O_691
37.5094934,126.8959996,S_292,0.14,62.0,O_692
37.44025903,126.9058017,S_284,0.14,63.62,O_693
37.47102189,126.9216418,S_334,0.14,93.9,O_694
37.47102189,126.9216418,S_334,0.23,69.47,O_695
37.56015047,127.0814751,S_67,0.19,155.45,O_696
37.56015047,127.0814751,S_67,1.0,990.36,O_697
37.35103214,126.9295372,S_980,0.63,250.0,O_698
37.65294798,126.8329134,S_621,0.12,74.4,O_699
37.65294798,126.8329134,S_621,0.27,46.72,O_700
37.38524458,127.2879437,S_962,3.6,1818.95,O_701
37.38524458,127.2879437,S_962,0.32,217.8,O_702
37.46398154,126.7109443,S_490,0.41,51.85,O_703
37.46398154,126.7109443,S_490,1.0,768.0,O_704
37.24963097,127.165158,S_715,0.25,250.0,O_705
37.40422441,126.716394,S_503,0.17,42.4,O_706
37.40422441,126.716394,S_503,0.53,127.85,O_707
36.99003881,127.0926502,S_870,0.12,1.82,O_708
37.5366037,127.1708579,S_1073,2.65,911.92,O_709
37.5366037,127.1708579,S_1073,0.12,61.01,O_710
37.55511048,126.9145897,S_215,0.42,74.59,O_711
37.55511048,126.9145897,S_215,7.18,4095.71,O_712
37.39146476,126.933741,S_801,0.29,55.3,O_713
37.65646373,127.0284052,S_147,0.1,13.68,O_714
37.65646373,127.0284052,S_147,8.03,8250.0,O_715
37.48419282,126.9497511,S_323,6.43,1440.0,O_716
37.48419282,126.9497511,S_323,0.5,500.0,O_717
37.05555845,127.0560539,S_863,12.01,3999.53,O_718
37.05555845,127.0560539,S_863,0.38,135.0,O_719
37.38180475,126.9563165,S_824,0.12,78.33,O_720
37.41969131,127.2461005,S_971,0.16,140.0,O_721
37.41969131,127.2461005,S_971,0.22,176.0,O_722
37.67246048,126.779829,S_638,2.16,794.4,O_723
37.0798361,126.8313186,S_836,1.82,1257.15,O_724
37.0798361,126.8313186,S_836,0.5,432.0,O_725
37.48371635,127.0119913,S_343,6.76,2211.03,O_726
37.47509931,126.9653243,S_328,0.24,151.26,O_727
37.47509931,126.9653243,S_328,2.69,1020.69,O_728
37.49694018,127.1433044,S_383,0.25,168.0,O_729
37.49694018,127.1433044,S_383,0.13,27.49,O_730
37.62709135,127.0269751,S_132,0.28,176.0,O_731
37.62709135,127.0269751,S_132,0.66,329.37,O_732
37.69857479,127.2048424,S_783,0.23,190.0,O_733
37.69857479,127.2048424,S_783,0.23,180.0,O_734
37.9011996,127.0498981,S_1099,2.44,1016.4,O_735
37.00567175,127.2742665,S_1018,0.12,40.99,O_736
37.54652678,127.0712676,S_79,0.19,76.32,O_737
37.54652678,127.0712676,S_79,0.52,315.51,O_738
37.45221307,127.1500716,S_666,2.0,2538.82,O_739
37.27284624,127.7110728,S_1082,14.6,4319.28,O_740
37.27284624,127.7110728,S_1082,0.12,81.0,O_741
37.41546028,126.8513462,S_960,0.3,9.03,O_742
37.43967369,127.1654452,S_681,0.12,151.12,O_743
37.43967369,127.1654452,S_681,0.16,72.0,O_744
37.13236181,127.5219963,S_1000,0.23,88.86,O_745
37.54404823,126.8476634,S_245,0.87,211.84,O_746
37.54404823,126.8476634,S_245,0.2,96.0,O_747
37.48064257,126.9570309,S_325,0.1,100.0,O_748
37.38992231,127.0986737,S_702,0.13,103.25,O_749
37.38992231,127.0986737,S_702,0.83,324.22,O_750
37.67734126,126.8137087,S_636,0.26,188.8,O_751
37.53291373,126.7239086,S_534,12.0,9038.33,O_752
37.53291373,126.7239086,S_534,0.11,4.77,O_753
38.02800257,127.0637049,S_1119,5.47,1835.21,O_754
37.67011745,126.7632954,S_651,0.51,232.6,O_755
37.67011745,126.7632954,S_651,0.1,45.12,O_756
37.61635592,127.1871418,S_791,0.13,132.0,O_757
37.56441807,126.6736016,S_539,0.46,97.62,O_758
37.56441807,126.6736016,S_539,0.2,120.0,O_759
37.55161665,126.911726,S_216,0.29,204.08,O_760
37.55161665,126.911726,S_216,0.94,691.71,O_761
37.62232049,126.8358861,S_631,0.35,226.6,O_762
37.62232049,126.8358861,S_631,1.39,805.68,O_763
37.44963195,126.9146119,S_283,6.0,2700.0,O_764
37.44963195,126.9146119,S_283,0.14,32.25,O_765
37.25395722,127.1082969,S_723,2.74,2829.2,O_766
37.4373159,127.1287464,S_664,0.69,489.0,O_767
37.7436179,127.0579061,S_886,0.18,140.0,O_768
37.32018859,127.1130928,S_732,0.47,159.84,O_769
37.5514791,127.1326396,S_415,0.77,588.91,O_770
37.5514791,127.1326396,S_415,0.31,153.24,O_771
37.41391057,126.6232673,S_484,0.37,138.0,O_772
37.45611051,126.7133534,S_486,1.0,1000.0,O_773
37.59983752,127.0871613,S_101,3.42,871.5,O_774
37.59983752,127.0871613,S_101,0.41,121.05,O_775
37.57833432,126.894673,S_222,0.25,152.4,O_776
37.57901366,127.0869674,S_100,2.6,1404.86,O_777
37.38853702,127.1108378,S_704,0.92,92.8,O_778
37.38853702,127.1108378,S_704,5.13,2399.23,O_779
37.36208607,126.927942,S_983,0.12,151.12,O_780
37.72645877,127.0431115,S_884,5.17,1776.67,O_781
37.51189159,127.0885409,S_403,0.12,51.49,O_782
37.32707575,126.8191722,S_768,0.2,80.0,O_783
37.60003849,126.8726436,S_634,6.8,3760.1,O_784
37.54153106,126.9498753,S_209,1.0,720.0,O_785
37.54153106,126.9498753,S_209,7.79,5175.21,O_786
37.53650136,126.8940394,S_295,0.14,64.8,O_787
37.53650136,126.8940394,S_295,0.12,43.99,O_788
37.74815636,126.4835215,S_562,2.33,409.72,O_789
37.74815636,126.4835215,S_562,6.84,2925.02,O_790
37.54265827,126.8625035,S_243,0.19,21.84,O_791
37.27799596,127.1515984,S_728,0.2,72.0,O_792
37.27799596,127.1515984,S_728,0.28,167.04,O_793
37.44293163,127.1562683,S_674,0.13,21.02,O_794
37.44293163,127.1562683,S_674,0.12,1.82,O_795
37.38889395,126.7423901,S_910,0.15,140.5,O_796
37.38889395,126.7423901,S_910,2.1,2366.72,O_797
37.59376657,126.9496911,S_200,2.4,1374.63,O_798
37.60637332,126.9683674,S_5,0.36,240.0,O_799
37.60637332,126.9683674,S_5,0.39,107.72,O_800
37.4701073,126.9329623,S_339,0.32,206.7,O_801
37.4701073,126.9329623,S_339,0.78,207.86,O_802
37.44488455,126.6740315,S_462,0.24,245.34,O_803
37.44488455,126.6740315,S_462,0.18,155.0,O_804
37.48666949,127.5957862,S_1096,0.22,120.02,O_805
37.48666949,127.5957862,S_1096,3.0,3800.16,O_806
37.5326712,126.6537481,S_541,0.18,100.0,O_807
37.49867675,127.1266095,S_397,0.27,189.0,O_808
37.54252631,126.8384139,S_248,1.58,630.0,O_809
37.54252631,126.8384139,S_248,3.0,1568.16,O_810
37.46127832,126.692311,S_465,0.24,240.0,O_811
37.46127832,126.692311,S_465,0.77,375.32,O_812
37.48643135,127.4935139,S_1086,0.75,213.56,O_813
37.48643135,127.4935139,S_1086,0.21,37.2,O_814
37.62756741,126.7057384,S_934,4.0,2611.2,O_815
37.34025993,126.7439835,S_901,0.12,80.4,O_816
37.42512212,127.7511876,S_1094,0.24,78.2,O_817
37.42512212,127.7511876,S_1094,4.78,1993.66,O_818
37.30462736,127.0811467,S_740,2.04,2000.0,O_819
37.30462736,127.0811467,S_740,0.14,40.0,O_820
37.55706761,127.0146854,S_28,0.19,49.28,O_821
37.54232552,126.9428348,S_210,0.15,112.0,O_822
37.54232552,126.9428348,S_210,0.14,26.29,O_823
37.69091106,126.7542924,S_655,0.11,47.93,O_824
37.69091106,126.7542924,S_655,0.24,240.0,O_825
37.50626355,127.1093124,S_391,0.12,87.15,O_826
37.50626355,127.1093124,S_391,0.12,74.4,O_827
37.28265925,127.438227,S_1005,4.53,2100.04,O_828
38.15773197,127.2507111,S_1050,1.72,571.06,O_829
37.43533517,127.1381125,S_673,1.82,1679.5,O_830
37.59025708,126.9080583,S_189,0.13,8.4,O_831
37.64551107,126.8865439,S_624,0.23,142.57,O_832
37.64551107,126.8865439,S_624,0.19,39.93,O_833
37.59903437,127.0352236,S_124,0.35,163.5,O_834
37.52509211,127.0492911,S_363,0.41,330.0,O_835
37.52509211,127.0492911,S_363,0.68,317.84,O_836
37.44850809,126.7846944,S_893,1.83,1100.0,O_837
37.63204326,127.0679518,S_164,0.15,48.31,O_838
37.49748589,127.0003286,S_350,0.1,40.0,O_839
37.68462294,126.7771814,S_648,0.11,96.68,O_840
37.45674657,126.6519011,S_454,0.33,270.0,O_841
37.42640288,127.0018992,S_1111,0.15,52.44,O_842
36.96517665,127.0623454,S_854,0.3,68.0,O_843
37.63972435,126.6713325,S_938,1.67,750.0,O_844
37.20165418,127.5448729,S_1074,2.24,1057.71,O_845
37.20165418,127.5448729,S_1074,0.31,60.72,O_846
37.19979999,127.1122094,S_849,2.11,1695.23,O_847
37.19979999,127.1122094,S_849,1.2,41.92,O_848
37.26622817,126.9570475,S_590,0.19,138.38,O_849
37.26622817,126.9570475,S_590,0.86,806.4,O_850
37.48515092,126.7265942,S_510,0.25,139.99,O_851
37.40617922,126.7846121,S_895,0.3,136.4,O_852
37.71788521,126.9408836,S_1025,0.22,15.26,O_853
37.50024126,126.8511388,S_270,0.13,20.18,O_854
37.50024126,126.8511388,S_270,0.11,82.9,O_855
37.31031825,126.9974202,S_573,0.5,33.6,O_856
37.487396,126.9271139,S_330,1.3,747.71,O_857
37.39776864,126.7263887,S_504,0.12,135.56,O_858
37.85654905,126.7909555,S_912,0.28,22.5,O_859
37.6151649,126.8330294,S_632,0.24,45.01,O_860
37.51818374,126.7371372,S_519,1.0,660.4,O_861
37.51818374,126.7371372,S_519,0.4,400.0,O_862
37.54715926,126.9351045,S_213,0.27,314.4,O_863
37.24897314,127.3579683,S_997,0.14,129.14,O_864
37.24897314,127.3579683,S_997,2.66,1870.52,O_865
37.59080616,127.0553779,S_90,0.28,70.17,O_866
37.59080616,127.0553779,S_90,0.92,1150.0,O_867
37.44968085,127.1556538,S_665,0.52,130.0,O_868
37.50272496,127.0925231,S_394,0.23,175.85,O_869
37.50272496,127.0925231,S_394,2.97,2320.11,O_870
37.19146381,127.0901757,S_851,0.18,43.54,O_871
37.62477801,127.0737505,S_161,0.21,128.19,O_872
37.62477801,127.0737505,S_161,0.24,110.51,O_873
37.59084573,127.0146418,S_112,0.5,303.75,O_874
37.59084573,127.0146418,S_112,0.73,75.24,O_875
None,None,Terminal,0.31,214.85,O_876
37.54241324,127.0856773,S_71,0.68,315.64,O_877
37.54241324,127.0856773,S_71,0.1,50.0,O_878
36.98562396,126.9319962,S_855,0.2,168.0,O_879
37.79689463,127.0803438,S_1027,0.16,126.0,O_880
37.53409779,127.0662584,S_78,0.23,50.5,O_881
37.53409779,127.0662584,S_78,2.17,1440.84,O_882
37.58409211,126.9706207,S_1,1.96,142.32,O_883
37.46613822,126.7145502,S_491,0.2,13.0,O_884
37.46613822,126.7145502,S_491,8.75,2522.8,O_885
37.71355037,126.4848279,S_563,10.72,4201.18,O_886
37.71355037,126.4848279,S_563,0.39,146.6,O_887
37.48541288,126.9180359,S_331,0.45,133.92,O_888
37.64111443,126.6439911,S_941,0.32,283.3,O_889
37.64111443,126.6439911,S_941,0.45,282.18,O_890
37.61829748,127.023851,S_134,1.24,267.74,O_891
37.43319214,126.9934082,S_1106,0.14,18.49,O_892
37.43319214,126.9934082,S_1106,0.14,40.0,O_893
37.48566276,126.9669792,S_316,0.46,142.8,O_894
37.83074372,126.8199777,S_915,8.75,2522.8,O_895
37.63055912,126.8357023,S_629,0.12,54.0,O_896
37.49912572,126.931404,S_309,0.85,261.2,O_897
37.49912572,126.931404,S_309,7.34,6506.59,O_898
37.0677688,127.0546908,S_864,0.1,105.6,O_899
37.5651269,127.0218661,S_29,2.0,504.0,O_900
37.5651269,127.0218661,S_29,0.21,90.4,O_901
37.38976203,126.9525134,S_823,0.63,224.0,O_902
37.38976203,126.9525134,S_823,0.1,12.52,O_903
37.2903844,127.452482,S_1003,0.1,60.0,O_904
37.01522983,127.1034274,S_877,5.12,3176.35,O_905
37.55850972,127.0361515,S_53,1.36,1181.0,O_906
37.55850972,127.0361515,S_53,3.02,3310.0,O_907
37.42225406,126.6810562,S_473,1.59,1030.99,O_908
37.26668824,127.0918543,S_720,3.09,2216.88,O_909
37.26668824,127.0918543,S_720,0.13,23.7,O_910
37.47617498,126.9155517,S_333,0.12,11.4,O_911
37.47617498,126.9155517,S_333,0.16,27.83,O_912
37.41083275,127.1379404,S_698,0.17,10.0,O_913
37.41083275,127.1379404,S_698,0.39,154.48,O_914
37.22428167,126.9845288,S_844,0.11,38.16,O_915
37.22428167,126.9845288,S_844,0.67,180.0,O_916
37.37276163,127.1063236,S_689,0.57,76.8,O_917
37.54250834,126.9618379,S_39,0.92,266.2,O_918
37.54250834,126.9618379,S_39,0.34,85.92,O_919
37.63169982,126.4198415,S_566,0.34,204.0,O_920
37.63169982,126.4198415,S_566,0.14,54.46,O_921
37.40960121,126.6707753,S_477,0.76,16.49,O_922
37.40960121,126.6707753,S_477,0.16,102.0,O_923
37.53799342,127.0919847,S_73,1.32,971.68,O_924
37.39987292,127.2702267,S_969,0.26,296.0,O_925
37.67697357,126.770239,S_649,2.0,1980.72,O_926
37.67697357,126.770239,S_649,0.12,59.0,O_927
37.64647889,126.6236797,S_939,1.26,733.01,O_928
37.54190386,126.9901955,S_45,0.22,150.82,O_929
37.46806974,126.6379078,S_430,0.13,90.0,O_930
37.46806974,126.6379078,S_430,1.54,1122.03,O_931
37.53960519,126.7213477,S_529,0.27,48.04,O_932
37.53960519,126.7213477,S_529,0.93,153.03,O_933
37.4116668,126.6818349,S_474,0.15,21.2,O_934
37.4116668,126.6818349,S_474,0.58,168.0,O_935
37.48372308,127.046407,S_372,0.58,230.0,O_936
37.48372308,127.046407,S_372,0.81,260.4,O_937
37.48372308,127.046407,S_372,0.5,57.6,O_938
37.28405012,127.0126478,S_595,0.22,42.39,O_939
37.28405012,127.0126478,S_595,0.47,159.84,O_940
37.28405012,127.0126478,S_595,0.1,62.46,O_941
37.28405012,127.0126478,S_595,0.51,121.8,O_942
37.48696583,127.1324383,S_400,0.29,274.56,O_943
37.48696583,127.1324383,S_400,0.1,47.7,O_944
37.48696583,127.1324383,S_400,0.1,24.11,O_945
37.49597383,127.046815,S_370,0.16,81.62,O_946
37.51857188,126.8542861,S_235,0.46,223.6,O_947
37.51857188,126.8542861,S_235,0.16,145.0,O_948
37.51857188,126.8542861,S_235,0.38,300.0,O_949
37.62368848,126.9166888,S_180,0.12,81.0,O_950
37.62368848,126.9166888,S_180,1.87,989.96,O_951
37.62368848,126.9166888,S_180,0.32,237.2,O_952
37.62368848,126.9166888,S_180,0.8,188.4,O_953
37.32808335,126.7970462,S_772,1.44,490.51,O_954
37.32808335,126.7970462,S_772,0.27,139.2,O_955
37.32808335,126.7970462,S_772,0.12,51.9,O_956
37.37748184,126.7880785,S_911,0.19,48.68,O_957
37.37748184,126.7880785,S_911,2.61,1742.45,O_958
37.91764264,127.061317,S_1101,0.63,224.0,O_959
37.91764264,127.061317,S_1101,0.12,151.12,O_960
37.91764264,127.061317,S_1101,0.25,137.93,O_961
37.91764264,127.061317,S_1101,4.0,1800.0,O_962
37.26889118,127.0059534,S_597,0.9,222.88,O_963
37.54227921,127.1981187,S_1064,1.0,1266.72,O_964
37.54227921,127.1981187,S_1064,0.1,6.36,O_965
37.54227921,127.1981187,S_1064,0.14,64.8,O_966
37.54227921,127.1981187,S_1064,0.38,210.0,O_967
37.51460915,126.6722848,S_547,2.0,900.0,O_968
37.51460915,126.6722848,S_547,0.8,622.45,O_969
37.44765055,126.7124925,S_485,0.36,100.0,O_970
37.44765055,126.7124925,S_485,2.17,1486.04,O_971
37.44765055,126.7124925,S_485,6.64,6740.76,O_972
37.44765055,126.7124925,S_485,0.25,144.88,O_973
36.96734796,126.9214891,S_862,0.24,17.6,O_974
36.96734796,126.9214891,S_862,0.52,372.0,O_975
36.96734796,126.9214891,S_862,0.43,240.0,O_976
36.96734796,126.9214891,S_862,3.88,1436.04,O_977
37.39609732,126.9501774,S_813,3.65,1107.47,O_978
37.39609732,126.9501774,S_813,3.16,3500.0,O_979
37.39609732,126.9501774,S_813,0.18,48.24,O_980
37.39609732,126.9501774,S_813,0.11,9.0,O_981
37.50851669,126.9373567,S_306,0.31,82.5,O_982
37.50851669,126.9373567,S_306,0.22,120.02,O_983
37.20609243,127.0148686,S_845,0.67,480.0,O_984
37.20609243,127.0148686,S_845,4.38,1700.2,O_985
37.20609243,127.0148686,S_845,0.13,71.8,O_986
37.20609243,127.0148686,S_845,0.1,125.0,O_987
37.30481922,127.3311703,S_964,0.26,51.52,O_988
37.30481922,127.3311703,S_964,2.0,2160.0,O_989
37.64464458,127.0198895,S_140,0.29,216.48,O_990
37.64464458,127.0198895,S_140,1.71,288.0,O_991
37.64464458,127.0198895,S_140,3.4,1379.0,O_992
37.64464458,127.0198895,S_140,1.35,486.0,O_993
37.51769391,126.934614,S_289,7.79,5175.21,O_994
37.51769391,126.934614,S_289,4.0,4521.6,O_995
37.51769391,126.934614,S_289,0.18,72.0,O_996
37.51769391,126.934614,S_289,0.12,95.0,O_997
37.00079812,127.0872779,S_872,0.1,48.24,O_998
37.44935828,127.0583143,S_358,0.14,64.8,O_999
37.44935828,127.0583143,S_358,0.22,147.0,O_1000
37.27781781,127.2308231,S_706,0.24,171.0,O_1001
37.27781781,127.2308231,S_706,0.23,23.7,O_1002
37.27781781,127.2308231,S_706,0.1,55.74,O_1003
37.27781781,127.2308231,S_706,1.49,545.91,O_1004
37.47092611,126.6661471,S_459,0.23,62.64,O_1005
37.47092611,126.6661471,S_459,0.45,270.0,O_1006
37.47092611,126.6661471,S_459,0.12,64.12,O_1007
37.57191387,126.9619602,S_7,0.17,127.92,O_1008
37.57191387,126.9619602,S_7,0.57,39.43,O_1009
37.57191387,126.9619602,S_7,1.12,391.66,O_1010
37.57191387,126.9619602,S_7,0.3,65.83,O_1011
37.3015797,127.117447,S_727,0.79,256.5,O_1012
37.3015797,127.117447,S_727,0.26,296.0,O_1013
37.3015797,127.117447,S_727,0.17,10.0,O_1014
37.3015797,127.117447,S_727,0.34,84.84,O_1015
37.56108697,126.8605577,S_255,0.21,67.67,O_1016
37.56108697,126.8605577,S_255,0.1,34.4,O_1017
37.56108697,126.8605577,S_255,0.19,17.86,O_1018
37.14112038,127.1961973,S_708,1.66,712.79,O_1019
37.14112038,127.1961973,S_708,15.42,7925.32,O_1020
38.13582461,127.0191015,S_1126,0.88,560.1,O_1021
37.45314708,126.6045123,S_428,0.15,80.0,O_1022
37.45314708,126.6045123,S_428,0.23,54.12,O_1023
37.45314708,126.6045123,S_428,0.27,69.74,O_1024
37.75031395,127.0581527,S_889,0.27,123.33,O_1025
37.75031395,127.0581527,S_889,0.6,76.98,O_1026
37.75031395,127.0581527,S_889,0.36,130.0,O_1027
37.64035969,126.4910236,S_565,1.39,552.6,O_1028
37.64035969,126.4910236,S_565,2.69,2124.5,O_1029
37.64035969,126.4910236,S_565,2.55,1405.92,O_1030
37.49250983,126.6800417,S_553,0.67,165.09,O_1031
37.49250983,126.6800417,S_553,0.28,160.4,O_1032
37.49250983,126.6800417,S_553,0.57,132.96,O_1033
37.49250983,126.6800417,S_553,1.07,1225.38,O_1034
37.30605199,126.9021677,S_765,0.12,81.0,O_1035
37.30605199,126.9021677,S_765,0.29,110.0,O_1036
37.30605199,126.9021677,S_765,0.67,660.24,O_1037
37.30605199,126.9021677,S_765,0.13,111.6,O_1038
37.38873127,126.9963688,S_1059,0.17,117.0,O_1039
37.44627092,127.1640171,S_676,0.31,96.0,O_1040
37.49421416,126.7200667,S_505,0.36,130.0,O_1041
37.49421416,126.7200667,S_505,2.94,1853.19,O_1042
37.29496555,127.6396267,S_1083,0.13,33.26,O_1043
37.29496555,127.6396267,S_1083,15.85,6308.38,O_1044
37.29496555,127.6396267,S_1083,0.21,144.0,O_1045
37.29496555,127.6396267,S_1083,0.32,283.3,O_1046
37.2354869,127.2798389,S_712,0.7,225.08,O_1047
37.2354869,127.2798389,S_712,0.1,78.72,O_1048
37.50605015,126.7625911,S_747,0.28,61.71,O_1049
37.50605015,126.7625911,S_747,0.68,85.96,O_1050
37.72640948,127.0542646,S_882,0.81,260.4,O_1051
37.72640948,127.0542646,S_882,0.1,40.0,O_1052
37.72640948,127.0542646,S_882,0.12,46.7,O_1053
37.72640948,127.0542646,S_882,0.25,90.0,O_1054
37.35163402,127.1070858,S_699,0.17,101.43,O_1055
37.40365179,126.9091723,S_807,0.24,144.0,O_1056
37.40365179,126.9091723,S_807,0.41,160.0,O_1057
37.5531163,126.8331774,S_256,1.18,242.75,O_1058
37.5531163,126.8331774,S_256,0.23,117.35,O_1059
37.30521189,127.6382715,S_1085,0.37,30.0,O_1060
37.56015769,126.9955974,S_21,0.36,130.0,O_1061
37.56015769,126.9955974,S_21,0.14,112.0,O_1062
37.56015769,126.9955974,S_21,1.0,791.42,O_1063
37.44305053,127.1411825,S_656,1.53,269.55,O_1064
37.37546375,127.1180641,S_685,0.4,115.96,O_1065
37.37546375,127.1180641,S_685,0.16,32.0,O_1066
37.37546375,127.1180641,S_685,1.44,490.51,O_1067
37.13242413,126.9203224,S_828,0.26,291.0,O_1068
37.13242413,126.9203224,S_828,0.54,540.0,O_1069
37.42417028,126.9937191,S_1108,0.49,189.94,O_1070
37.875102,127.0244053,S_1022,0.21,11.25,O_1071
37.875102,127.0244053,S_1022,0.21,25.2,O_1072
37.875102,127.0244053,S_1022,0.18,140.0,O_1073
37.49206947,127.0249478,S_342,0.36,90.0,O_1074
37.49206947,127.0249478,S_342,0.38,377.0,O_1075
37.49206947,127.0249478,S_342,0.34,88.35,O_1076
37.49206947,127.0249478,S_342,0.11,21.54,O_1077
37.4022796,126.970997,S_815,0.3,186.71,O_1078
37.4022796,126.970997,S_815,0.98,705.0,O_1079
37.49250746,126.8620329,S_271,0.73,393.19,O_1080
37.49250746,126.8620329,S_271,1.0,123.74,O_1081
37.49250746,126.8620329,S_271,2.5,1304.92,O_1082
37.45617741,126.6442199,S_453,0.36,360.0,O_1083
37.45617741,126.6442199,S_453,0.34,91.72,O_1084
37.45617741,126.6442199,S_453,2.07,1286.0,O_1085
37.56718307,127.1860679,S_1068,0.14,64.8,O_1086
37.53182784,126.8544885,S_247,1.13,510.4,O_1087
37.53182784,126.8544885,S_247,0.12,116.0,O_1088
37.53182784,126.8544885,S_247,0.2,120.0,O_1089
37.53182784,126.8544885,S_247,0.3,20.35,O_1090
37.45222291,126.8849694,S_957,0.21,147.56,O_1091
37.45222291,126.8849694,S_957,0.58,148.4,O_1092
37.65581568,126.7897919,S_642,0.21,90.4,O_1093
37.54397862,127.3260534,S_1089,2.55,1405.92,O_1094
37.27642213,126.9950333,S_599,0.18,91.81,O_1095
37.64780328,127.0802862,S_165,0.19,146.28,O_1096
37.64780328,127.0802862,S_165,0.11,65.3,O_1097
37.57606858,126.9688539,S_2,0.12,7.64,O_1098
37.57606858,126.9688539,S_2,0.17,93.85,O_1099
37.48337906,127.0864829,S_376,0.39,157.16,O_1100
37.48337906,127.0864829,S_376,0.16,62.45,O_1101
37.48337906,127.0864829,S_376,0.65,337.65,O_1102
37.35093259,127.3523771,S_963,0.14,64.8,O_1103
37.35093259,127.3523771,S_963,2.0,460.8,O_1104
37.35093259,127.3523771,S_963,2.64,1952.34,O_1105
37.35093259,127.3523771,S_963,0.16,96.0,O_1106
37.53588277,127.3034549,S_787,0.23,30.5,O_1107
37.53588277,127.3034549,S_787,0.16,10.53,O_1108
37.53588277,127.3034549,S_787,0.12,81.0,O_1109
37.58037354,127.0228035,S_117,0.17,130.0,O_1110
37.58037354,127.0228035,S_117,0.56,267.52,O_1111
37.58037354,127.0228035,S_117,4.65,1700.03,O_1112
37.60123097,127.1276709,S_1035,13.73,4023.52,O_1113
37.60123097,127.1276709,S_1035,0.2,120.0,O_1114
37.30220846,126.9912945,S_575,0.34,194.79,O_1115
37.30220846,126.9912945,S_575,0.21,37.2,O_1116
37.30220846,126.9912945,S_575,0.44,530.0,O_1117
37.46755353,126.9021682,S_281,0.33,0.02,O_1118
37.23797804,127.0683832,S_725,8.8,4660.21,O_1119
37.23797804,127.0683832,S_725,2.92,2670.0,O_1120
37.732282,127.0491381,S_881,0.33,0.13,O_1121
37.732282,127.0491381,S_881,0.17,13.5,O_1122
37.732282,127.0491381,S_881,0.27,48.04,O_1123
37.4477013,127.1414857,S_662,0.23,129.0,O_1124
37.4477013,127.1414857,S_662,0.15,20.59,O_1125
37.4477013,127.1414857,S_662,4.76,1840.31,O_1126
37.4477013,127.1414857,S_662,9.11,4374.23,O_1127
37.51466633,126.9093394,S_287,3.0,3800.16,O_1128
37.5115038,127.0285345,S_360,4.57,1585.15,O_1129
37.5115038,127.0285345,S_360,0.22,96.55,O_1130
37.5115038,127.0285345,S_360,0.64,579.0,O_1131
37.5115038,127.0285345,S_360,1.0,54.0,O_1132
37.53858213,126.8271743,S_232,0.42,125.0,O_1133
37.53858213,126.8271743,S_232,0.33,38.4,O_1134
37.53456471,127.0004949,S_46,0.38,300.0,O_1135
37.57600022,126.9581596,S_6,0.2,88.62,O_1136
37.57600022,126.9581596,S_6,0.12,51.49,O_1137
37.57600022,126.9581596,S_6,0.29,20.85,O_1138
37.57600022,126.9581596,S_6,3.68,1282.89,O_1139
37.55888771,126.8479185,S_244,0.63,154.89,O_1140
37.55888771,126.8479185,S_244,0.2,250.0,O_1141
37.55313923,127.0334024,S_55,1.58,595.6,O_1142
37.55313923,127.0334024,S_55,0.27,218.72,O_1143
37.494275,127.3019844,S_966,0.16,102.0,O_1144
37.494275,127.3019844,S_966,0.23,117.81,O_1145
37.494275,127.3019844,S_966,0.21,90.4,O_1146
37.494275,127.3019844,S_966,0.27,82.37,O_1147
37.25256289,127.0769161,S_614,0.14,56.45,O_1148
37.25256289,127.0769161,S_614,0.32,206.4,O_1149
37.25256289,127.0769161,S_614,0.25,280.0,O_1150
37.25256289,127.0769161,S_614,0.23,51.26,O_1151
37.5143323,127.062501,S_364,0.31,165.52,O_1152
37.5143323,127.062501,S_364,0.12,26.92,O_1153
37.50298784,127.1280698,S_390,0.14,11.4,O_1154
37.61999186,127.0628833,S_158,0.12,151.12,O_1155
37.61999186,127.0628833,S_158,0.43,257.6,O_1156
37.61999186,127.0628833,S_158,0.18,101.04,O_1157
37.6300516,127.0175594,S_139,0.33,260.0,O_1158
37.6300516,127.0175594,S_139,0.75,771.12,O_1159
37.6300516,127.0175594,S_139,0.43,131.71,O_1160
37.6300516,127.0175594,S_139,0.13,46.3,O_1161
37.52188377,126.834709,S_234,1.0,0.02,O_1162
37.47682521,126.6289482,S_432,0.12,24.11,O_1163
37.47682521,126.6289482,S_432,0.61,567.95,O_1164
37.47682521,126.6289482,S_432,1.79,1386.97,O_1165
37.47682521,126.6289482,S_432,0.1,108.0,O_1166
37.54577416,126.9748246,S_35,1.24,139.95,O_1167
37.54577416,126.9748246,S_35,0.16,61.8,O_1168
37.54577416,126.9748246,S_35,0.66,68.4,O_1169
37.54577416,126.9748246,S_35,0.81,468.54,O_1170
37.58575279,127.0794745,S_99,0.12,75.4,O_1171
37.58575279,127.0794745,S_99,0.36,310.0,O_1172
37.205486,126.7696448,S_832,1.2,268.0,O_1173
37.205486,126.7696448,S_832,0.21,34.8,O_1174
37.52923995,127.1157303,S_382,0.1,53.02,O_1175
37.52923995,127.1157303,S_382,1.76,1290.06,O_1176
37.52923995,127.1157303,S_382,0.12,80.0,O_1177
37.75158647,126.7771997,S_926,0.2,17.28,O_1178
37.59801698,127.010539,S_115,0.23,220.0,O_1179
37.59801698,127.010539,S_115,0.63,154.89,O_1180
37.49481764,126.7371225,S_522,1.04,740.5,O_1181
37.61053624,127.035762,S_125,0.25,211.0,O_1182
37.61053624,127.035762,S_125,0.11,45.0,O_1183
37.47842207,126.8068974,S_751,0.38,377.0,O_1184
37.47842207,126.8068974,S_751,2.0,1980.72,O_1185
37.47842207,126.8068974,S_751,0.1,72.0,O_1186
37.47842207,126.8068974,S_751,7.0,7000.4,O_1187
37.28124581,126.8187163,S_839,0.21,16.13,O_1188
37.28124581,126.8187163,S_839,0.1,40.0,O_1189
37.57430267,126.9101907,S_205,4.17,1884.21,O_1190
37.57430267,126.9101907,S_205,0.67,720.0,O_1191
37.57430267,126.9101907,S_205,0.26,94.88,O_1192
37.57430267,126.9101907,S_205,0.14,54.0,O_1193
37.68297474,126.7551225,S_653,2.43,572.86,O_1194
37.68297474,126.7551225,S_653,0.38,133.55,O_1195
37.52630091,127.0001827,S_48,1.0,831.6,O_1196
37.52630091,127.0001827,S_48,3.5,1631.86,O_1197
37.52630091,127.0001827,S_48,2.0,2160.0,O_1198
37.57809107,127.0600078,S_84,0.74,444.0,O_1199
37.57809107,127.0600078,S_84,1.0,768.0,O_1200
37.57809107,127.0600078,S_84,4.38,1700.2,O_1201
37.57809107,127.0600078,S_84,1.34,973.8,O_1202
37.55017417,126.9600328,S_207,0.13,27.49,O_1203
37.5416895,127.2139216,S_1062,0.4,493.36,O_1204
37.5416895,127.2139216,S_1062,0.12,100.0,O_1205
37.5016416,126.905219,S_299,0.13,28.36,O_1206
37.5016416,126.905219,S_299,1.5,1291.42,O_1207
37.5016416,126.905219,S_299,7.0,2556.0,O_1208
37.59398014,127.0204087,S_113,0.36,360.0,O_1209
37.59398014,127.0204087,S_113,1.42,1100.0,O_1210
37.59398014,127.0204087,S_113,0.5,450.0,O_1211
37.5109768,127.1239058,S_387,0.16,140.97,O_1212
37.5109768,127.1239058,S_387,0.89,154.42,O_1213
37.4874893,126.7870458,S_744,0.58,230.0,O_1214
37.4874893,126.7870458,S_744,1.05,291.49,O_1215
37.4874893,126.7870458,S_744,0.37,256.92,O_1216
37.27345339,127.0011304,S_598,0.2,119.6,O_1217
37.27345339,127.0011304,S_598,2.6,500.0,O_1218
37.5006354,126.7540994,S_748,0.21,50.0,O_1219
37.48891301,127.1049908,S_379,1.34,78.8,O_1220
37.74644875,127.0476178,S_879,0.31,96.0,O_1221
37.31946228,127.0887777,S_734,0.23,61.28,O_1222
37.31946228,127.0887777,S_734,3.5,2679.15,O_1223
37.31946228,127.0887777,S_734,8.07,2727.29,O_1224
37.31946228,127.0887777,S_734,0.25,54.98,O_1225
37.2999858,127.5734637,S_1076,0.16,162.53,O_1226
37.2999858,127.5734637,S_1076,0.3,180.0,O_1227
37.2999858,127.5734637,S_1076,0.16,33.82,O_1228
37.09056761,127.477036,S_1014,0.13,125.0,O_1229
37.09056761,127.477036,S_1014,0.46,376.0,O_1230
37.65488369,127.0669501,S_173,0.14,61.84,O_1231
37.65488369,127.0669501,S_173,0.98,588.0,O_1232
37.65488369,127.0669501,S_173,0.23,52.0,O_1233
37.65488369,127.0669501,S_173,4.34,3818.4,O_1234
37.64898445,127.1446679,S_784,0.19,68.58,O_1235
37.64898445,127.1446679,S_784,1.0,553.8,O_1236
37.72410397,126.7515033,S_923,1.0,1000.0,O_1237
37.72410397,126.7515033,S_923,0.15,73.3,O_1238
37.53718334,126.8817165,S_227,1.42,796.6,O_1239
37.5463638,127.1513524,S_412,1.71,288.0,O_1240
37.5463638,127.1513524,S_412,0.19,129.6,O_1241
37.5463638,127.1513524,S_412,0.41,109.98,O_1242
37.5463638,127.1513524,S_412,1.57,1334.4,O_1243
37.54869884,126.9781522,S_33,0.31,132.0,O_1244
37.54869884,126.9781522,S_33,3.68,1730.8,O_1245
37.54869884,126.9781522,S_33,0.28,128.0,O_1246
37.54869884,126.9781522,S_33,0.11,74.72,O_1247
37.5281408,126.9692276,S_41,1.16,966.3,O_1248
37.5281408,126.9692276,S_41,0.11,28.13,O_1249
37.5281408,126.9692276,S_41,0.14,54.0,O_1250
37.5281408,126.9692276,S_41,2.73,320.28,O_1251
37.42619045,126.6482901,S_471,0.1,0.04,O_1252
37.59241132,126.964065,S_4,0.11,74.94,O_1253
37.59241132,126.964065,S_4,0.31,313.28,O_1254
37.59241132,126.964065,S_4,0.23,140.4,O_1255
37.95428412,126.9176152,S_919,0.13,160.8,O_1256
37.51329966,127.0943752,S_404,0.29,78.38,O_1257
37.51329966,127.0943752,S_404,5.27,4941.88,O_1258
37.84821089,127.1861434,S_1043,1.49,545.91,O_1259
37.84821089,127.1861434,S_1043,0.28,74.57,O_1260
37.84821089,127.1861434,S_1043,0.13,13.0,O_1261
37.53449795,127.0823949,S_75,0.32,206.7,O_1262
37.53449795,127.0823949,S_75,0.96,553.7,O_1263
37.53449795,127.0823949,S_75,0.44,297.02,O_1264
37.57847147,127.0705894,S_88,0.11,64.49,O_1265
37.57847147,127.0705894,S_88,0.18,42.55,O_1266
37.60577914,127.0478706,S_126,2.67,1141.97,O_1267
37.60577914,127.0478706,S_126,0.73,75.24,O_1268
36.9828199,126.8853101,S_856,0.1,65.0,O_1269
36.9828199,126.8853101,S_856,0.51,258.72,O_1270
36.9828199,126.8853101,S_856,0.34,350.22,O_1271
37.39465532,126.9770838,S_817,0.1,61.17,O_1272
37.39465532,126.9770838,S_817,0.25,152.4,O_1273
37.39465532,126.9770838,S_817,6.04,1448.42,O_1274
37.39465532,126.9770838,S_817,0.12,186.0,O_1275
37.27711683,126.9714666,S_588,0.22,135.73,O_1276
37.27711683,126.9714666,S_588,1.0,240.0,O_1277
37.27711683,126.9714666,S_588,0.51,360.0,O_1278
37.27711683,126.9714666,S_588,0.19,104.66,O_1279
37.4913197,126.883399,S_263,0.77,636.99,O_1280
37.4913197,126.883399,S_263,2.0,259.2,O_1281
37.4913197,126.883399,S_263,0.11,41.2,O_1282
37.23581859,126.8738925,S_831,1.11,319.22,O_1283
37.50040448,126.8627884,S_268,1.2,942.91,O_1284
37.50040448,126.8627884,S_268,0.4,200.0,O_1285
37.50040448,126.8627884,S_268,0.21,145.0,O_1286
37.31873929,126.956765,S_1055,1.0,1100.0,O_1287
37.31873929,126.956765,S_1055,0.13,56.66,O_1288
37.53363175,126.8290822,S_230,0.21,93.14,O_1289
37.53363175,126.8290822,S_230,0.16,37.61,O_1290
37.56787474,127.0255294,S_49,0.19,138.38,O_1291
37.56787474,127.0255294,S_49,0.92,703.2,O_1292
37.42884238,127.104861,S_671,1.39,563.07,O_1293
37.49157662,126.8891489,S_265,0.21,165.0,O_1294
37.47387495,126.7078619,S_526,2.43,1820.18,O_1295
37.47387495,126.7078619,S_526,0.5,480.0,O_1296
37.47387495,126.7078619,S_526,0.1,40.0,O_1297
37.55251244,127.2047861,S_1065,2.78,1781.7,O_1298
37.36641994,126.8159456,S_909,0.32,203.21,O_1299
37.48894469,126.9100394,S_318,0.46,180.0,O_1300
37.48894469,126.9100394,S_318,0.1,40.0,O_1301
37.48894469,126.9100394,S_318,0.74,273.5,O_1302
37.82349671,127.1384307,S_1040,0.3,180.0,O_1303
37.82349671,127.1384307,S_1040,0.16,111.8,O_1304
37.82349671,127.1384307,S_1040,0.55,73.83,O_1305
37.69181748,126.7804395,S_637,0.13,71.8,O_1306
37.69181748,126.7804395,S_637,0.21,150.0,O_1307
37.69181748,126.7804395,S_637,5.44,3456.04,O_1308
37.39039994,126.9642711,S_818,0.27,14.17,O_1309
37.39039994,126.9642711,S_818,0.31,173.59,O_1310
37.39039994,126.9642711,S_818,0.57,132.96,O_1311
37.39039994,126.9642711,S_818,1.42,1130.95,O_1312
37.4859944,126.8538383,S_272,0.52,519.25,O_1313
37.60508641,126.6618003,S_555,2.0,1048.0,O_1314
37.60508641,126.6618003,S_555,2.0,1200.0,O_1315
37.60508641,126.6618003,S_555,0.12,30.0,O_1316
37.60508641,126.6618003,S_555,0.12,85.51,O_1317
37.30145972,126.8638337,S_761,1.09,478.01,O_1318
37.59537586,126.6737139,S_560,1.29,824.63,O_1319
37.59537586,126.6737139,S_560,0.36,83.21,O_1320
37.51921418,126.870674,S_236,0.27,462.5,O_1321
37.51921418,126.870674,S_236,0.28,167.04,O_1322
37.51921418,126.870674,S_236,0.13,28.0,O_1323
37.49972974,127.0578495,S_368,2.0,1980.72,O_1324
37.49972974,127.0578495,S_368,0.5,57.6,O_1325
37.33167223,126.8610096,S_762,0.3,144.0,O_1326
37.33167223,126.8610096,S_762,1.88,605.95,O_1327
37.66408302,126.799862,S_639,2.08,1045.54,O_1328
37.66408302,126.799862,S_639,0.76,154.08,O_1329
37.66408302,126.799862,S_639,0.14,64.8,O_1330
37.49434385,126.6725871,S_551,0.17,46.3,O_1331
37.49434385,126.6725871,S_551,6.64,0.46,O_1332
37.51759423,126.7271355,S_517,0.21,150.0,O_1333
37.51759423,126.7271355,S_517,0.15,31.92,O_1334
37.43687441,126.8328888,S_907,0.13,8.0,O_1335
37.43687441,126.8328888,S_907,0.4,191.63,O_1336
37.56781936,127.0664131,S_87,0.2,120.0,O_1337
37.56781936,127.0664131,S_87,0.14,56.23,O_1338
37.28288736,127.4411466,S_1002,1.14,662.2,O_1339
37.28288736,127.4411466,S_1002,0.33,118.68,O_1340
37.59319176,127.1400938,S_1038,0.85,193.79,O_1341
37.59319176,127.1400938,S_1038,0.11,110.0,O_1342
37.59319176,127.1400938,S_1038,0.17,39.5,O_1343
37.59319176,127.1400938,S_1038,0.25,120.0,O_1344
37.56739777,127.0612821,S_86,0.23,63.0,O_1345
37.56739777,127.0612821,S_86,0.15,60.0,O_1346
37.56739777,127.0612821,S_86,0.11,67.6,O_1347
37.4613903,126.7311606,S_494,0.15,71.0,O_1348
37.48734704,126.89033,S_264,0.12,27.0,O_1349
37.48734704,126.89033,S_264,0.19,150.0,O_1350
37.48734704,126.89033,S_264,0.19,136.5,O_1351
37.48734704,126.89033,S_264,0.35,210.0,O_1352
37.6387147,127.0231464,S_141,0.1,20.0,O_1353
37.15235202,127.0732064,S_986,1.0,990.36,O_1354
37.55377136,126.8709657,S_241,0.28,140.8,O_1355
37.55377136,126.8709657,S_241,0.15,111.18,O_1356
37.55377136,126.8709657,S_241,0.19,47.52,O_1357
37.48881354,126.8395133,S_274,4.25,3367.22,O_1358
37.48881354,126.8395133,S_274,0.14,81.72,O_1359
37.48881354,126.8395133,S_274,0.12,73.08,O_1360
37.48881354,126.8395133,S_274,0.2,120.0,O_1361
37.47581426,126.6426792,S_444,0.12,120.0,O_1362
37.64467793,126.8334694,S_628,1.18,275.59,O_1363
37.64467793,126.8334694,S_628,2.0,2538.82,O_1364
37.64467793,126.8334694,S_628,1.0,650.0,O_1365
37.64467793,126.8334694,S_628,0.47,234.14,O_1366
37.49083842,126.6848481,S_552,0.31,210.28,O_1367
37.49083842,126.6848481,S_552,0.44,264.0,O_1368
37.49083842,126.6848481,S_552,0.11,67.56,O_1369
37.49083842,126.6848481,S_552,1.3,662.7,O_1370
37.47713341,126.8563141,S_945,0.18,40.0,O_1371
37.47713341,126.8563141,S_945,0.1,18.65,O_1372
37.47105755,126.848664,S_947,1.49,487.79,O_1373
37.47105755,126.848664,S_947,0.12,182.0,O_1374
37.47105755,126.848664,S_947,0.67,358.78,O_1375
37.837243,127.0900776,S_1031,0.14,54.46,O_1376
37.837243,127.0900776,S_1031,0.5,272.71,O_1377
37.00101805,127.1725171,S_1006,0.19,1.26,O_1378
37.00101805,127.1725171,S_1006,0.38,153.96,O_1379
37.00101805,127.1725171,S_1006,3.87,445.44,O_1380
37.00101805,127.1725171,S_1006,1.04,1012.76,O_1381
37.60337606,127.0651039,S_94,0.66,366.84,O_1382
37.60337606,127.0651039,S_94,3.0,1568.16,O_1383
37.60337606,127.0651039,S_94,0.22,102.0,O_1384
37.60337606,127.0651039,S_94,0.1,0.02,O_1385
37.44417922,126.6968093,S_468,0.22,153.0,O_1386
37.44417922,126.6968093,S_468,0.39,101.08,O_1387
37.44417922,126.6968093,S_468,0.48,190.0,O_1388
37.48336166,126.9945139,S_352,0.18,117.62,O_1389
37.48336166,126.9945139,S_352,0.3,179.01,O_1390
37.48336166,126.9945139,S_352,0.21,71.74,O_1391
37.44353181,127.1488541,S_658,1.58,591.29,O_1392
37.44353181,127.1488541,S_658,0.9,890.35,O_1393
37.44353181,127.1488541,S_658,0.13,208.0,O_1394
37.40612665,127.1163078,S_703,0.12,19.57,O_1395
37.40612665,127.1163078,S_703,0.36,200.0,O_1396
37.49673391,126.7875099,S_745,0.37,300.0,O_1397
37.49673391,126.7875099,S_745,2.71,592.45,O_1398
38.04743055,126.9928328,S_1123,0.16,120.0,O_1399
37.48021789,126.856949,S_944,0.5,528.0,O_1400
37.48021789,126.856949,S_944,0.13,48.0,O_1401
37.50669208,126.8586053,S_269,0.22,100.0,O_1402
37.50669208,126.8586053,S_269,0.49,448.15,O_1403
37.3576114,126.7264502,S_903,0.19,41.23,O_1404
37.3576114,126.7264502,S_903,1.0,1000.0,O_1405
37.29056091,127.0215333,S_582,0.14,63.5,O_1406
37.29056091,127.0215333,S_582,3.1,2396.7,O_1407
37.29056091,127.0215333,S_582,0.86,63.97,O_1408
37.29056091,127.0215333,S_582,5.95,3330.0,O_1409
37.47472619,126.6488033,S_445,0.22,24.54,O_1410
37.50458542,126.9944717,S_348,0.78,524.54,O_1411
37.44956626,126.6893094,S_467,0.14,32.0,O_1412
37.44956626,126.6893094,S_467,3.33,1209.6,O_1413
37.39955334,127.127162,S_694,0.36,180.12,O_1414
37.39955334,127.127162,S_694,1.48,1280.0,O_1415
37.39955334,127.127162,S_694,0.1,28.38,O_1416
37.51074234,126.7257122,S_518,3.02,624.51,O_1417
37.51074234,126.7257122,S_518,0.21,67.5,O_1418
37.51074234,126.7257122,S_518,14.0,9072.0,O_1419
37.22987622,127.4923881,S_998,2.17,1486.04,O_1420
37.22987622,127.4923881,S_998,1.03,1010.0,O_1421
37.22987622,127.4923881,S_998,0.44,209.85,O_1422
37.5831288,127.0378228,S_82,0.54,216.0,O_1423
37.5831288,127.0378228,S_82,0.2,119.6,O_1424
37.5831288,127.0378228,S_82,1.83,556.8,O_1425
37.55954878,126.9435048,S_196,0.23,50.5,O_1426
37.55954878,126.9435048,S_196,0.37,379.24,O_1427
37.55954878,126.9435048,S_196,0.18,98.46,O_1428
36.97525445,127.2148414,S_1010,0.21,71.74,O_1429
36.97525445,127.2148414,S_1010,1.23,258.25,O_1430
36.97525445,127.2148414,S_1010,0.1,100.0,O_1431
36.97525445,127.2148414,S_1010,0.13,44.05,O_1432
37.57709007,126.7334825,S_536,0.19,12.6,O_1433
37.57709007,126.7334825,S_536,0.16,98.49,O_1434
37.57709007,126.7334825,S_536,0.25,164.4,O_1435
37.16223388,126.9049013,S_835,1.0,720.0,O_1436
37.16223388,126.9049013,S_835,0.25,54.98,O_1437
37.16223388,126.9049013,S_835,1.2,172.8,O_1438
37.16223388,126.9049013,S_835,0.43,165.36,O_1439
37.27242458,127.1275882,S_721,0.25,175.51,O_1440
37.27242458,127.1275882,S_721,0.75,669.17,O_1441
37.27242458,127.1275882,S_721,2.85,453.0,O_1442
37.53435268,126.9515469,S_38,0.19,170.82,O_1443
37.53435268,126.9515469,S_38,0.25,48.65,O_1444
37.53435268,126.9515469,S_38,15.71,4801.26,O_1445
37.53435268,126.9515469,S_38,0.4,202.1,O_1446
37.53435268,126.9515469,S_38,0.16,90.72,O_1447
37.49019154,127.0194671,S_341,0.42,420.0,O_1448
37.49019154,127.0194671,S_341,0.39,132.2,O_1449
37.49019154,127.0194671,S_341,0.15,88.26,O_1450
37.49019154,127.0194671,S_341,0.7,310.8,O_1451
37.64793425,127.0118697,S_142,2.97,2320.11,O_1452
37.64793425,127.0118697,S_142,0.1,40.0,O_1453
37.64793425,127.0118697,S_142,0.59,48.0,O_1454
37.20687016,127.0372758,S_841,0.11,60.23,O_1455
37.20687016,127.0372758,S_841,0.23,162.0,O_1456
37.20687016,127.0372758,S_841,0.11,0.79,O_1457
37.20687016,127.0372758,S_841,0.29,64.0,O_1458
37.20687016,127.0372758,S_841,0.1,72.0,O_1459
37.5855546,126.8751729,S_635,0.77,263.68,O_1460
37.5855546,126.8751729,S_635,0.12,54.0,O_1461
37.5855546,126.8751729,S_635,3.0,414.57,O_1462
37.5855546,126.8751729,S_635,0.6,394.36,O_1463
37.55728611,126.9793555,S_19,0.27,192.0,O_1464
37.55728611,126.9793555,S_19,2.43,572.86,O_1465
37.29507788,127.0004395,S_576,0.15,9.0,O_1466
37.29507788,127.0004395,S_576,1.33,705.72,O_1467
37.29507788,127.0004395,S_576,0.27,183.65,O_1468
37.55499636,127.1407841,S_417,4.8,2952.0,O_1469
37.55499636,127.1407841,S_417,0.2,12.67,O_1470
37.55499636,127.1407841,S_417,0.63,224.0,O_1471
37.55499636,127.1407841,S_417,0.15,19.42,O_1472
36.98927797,127.0804967,S_871,0.78,207.86,O_1473
36.98927797,127.0804967,S_871,0.31,82.98,O_1474
36.98927797,127.0804967,S_871,0.2,96.0,O_1475
36.98927797,127.0804967,S_871,0.22,93.92,O_1476
36.98927797,127.0804967,S_871,0.15,56.18,O_1477
37.59458158,126.9230685,S_185,0.55,419.0,O_1478
37.59458158,126.9230685,S_185,1.82,1257.15,O_1479
37.59458158,126.9230685,S_185,1.0,960.12,O_1480
37.59458158,126.9230685,S_185,0.56,492.8,O_1481
37.59458158,126.9230685,S_185,0.35,106.32,O_1482
37.66288936,126.4221118,S_567,2.1,1625.11,O_1483
37.66288936,126.4221118,S_567,0.75,360.0,O_1484
37.66288936,126.4221118,S_567,0.1,46.05,O_1485
37.66288936,126.4221118,S_567,0.17,76.96,O_1486
37.45490106,127.1609619,S_667,0.23,228.17,O_1487
37.45490106,127.1609619,S_667,8.81,5617.98,O_1488
37.45490106,127.1609619,S_667,0.11,44.0,O_1489
37.45490106,127.1609619,S_667,0.61,136.0,O_1490
37.45490106,127.1609619,S_667,0.3,151.2,O_1491
37.48114953,127.1439356,S_401,0.81,1000.0,O_1492
37.48114953,127.1439356,S_401,0.25,200.64,O_1493
37.48114953,127.1439356,S_401,0.23,88.86,O_1494
37.17180694,127.4801037,S_999,2.0,1136.0,O_1495
37.17180694,127.4801037,S_999,0.26,41.22,O_1496
37.17180694,127.4801037,S_999,0.17,77.76,O_1497
37.17180694,127.4801037,S_999,0.15,37.62,O_1498
37.17180694,127.4801037,S_999,0.15,63.76,O_1499
37.39957655,127.1218899,S_695,3.96,2078.22,O_1500
37.39957655,127.1218899,S_695,0.71,431.24,O_1501
37.39957655,127.1218899,S_695,0.24,144.0,O_1502
37.39957655,127.1218899,S_695,0.56,363.0,O_1503
37.39957655,127.1218899,S_695,2.33,919.8,O_1504
37.64148693,127.0105968,S_143,0.14,64.8,O_1505
37.64148693,127.0105968,S_143,0.67,254.32,O_1506
37.64148693,127.0105968,S_143,0.35,98.36,O_1507
37.64148693,127.0105968,S_143,0.77,162.12,O_1508
37.53079932,126.7296969,S_533,0.46,298.92,O_1509
37.53079932,126.7296969,S_533,8.49,2546.46,O_1510
37.53079932,126.7296969,S_533,3.28,2554.78,O_1511
37.46196342,126.723005,S_495,1.76,995.29,O_1512
37.46196342,126.723005,S_495,0.2,89.85,O_1513
37.46196342,126.723005,S_495,0.83,251.36,O_1514
37.46196342,126.723005,S_495,0.11,27.0,O_1515
37.46196342,126.723005,S_495,0.17,93.85,O_1516
37.56631969,127.0454073,S_51,5.72,2066.84,O_1517
37.56631969,127.0454073,S_51,0.17,38.93,O_1518
37.39006762,126.9305797,S_800,2.0,1824.48,O_1519
37.39006762,126.9305797,S_800,0.13,48.0,O_1520
37.08269481,127.2634588,S_1017,1.28,107.1,O_1521
37.08269481,127.2634588,S_1017,0.4,222.0,O_1522
37.08269481,127.2634588,S_1017,0.26,60.0,O_1523
37.48781303,126.7681853,S_746,1.08,275.6,O_1524
37.48781303,126.7681853,S_746,0.18,56.58,O_1525
37.48781303,126.7681853,S_746,0.33,130.0,O_1526
37.48781303,126.7681853,S_746,0.1,96.0,O_1527
37.48781303,126.7681853,S_746,0.14,64.0,O_1528
37.49414867,126.988847,S_351,0.14,51.5,O_1529
37.49414867,126.988847,S_351,0.5,330.2,O_1530
37.49414867,126.988847,S_351,1.33,705.72,O_1531
37.43644671,126.7979837,S_896,0.17,13.5,O_1532
37.43644671,126.7979837,S_896,2.0,1570.62,O_1533
37.43644671,126.7979837,S_896,0.2,120.0,O_1534
37.51728313,127.0372042,S_361,0.1,49.84,O_1535
37.51728313,127.0372042,S_361,0.41,80.6,O_1536
37.51728313,127.0372042,S_361,0.96,615.18,O_1537
37.51728313,127.0372042,S_361,0.11,75.62,O_1538
37.51728313,127.0372042,S_361,1.47,717.6,O_1539
37.21176342,126.8237702,S_829,0.17,116.0,O_1540
37.21176342,126.8237702,S_829,12.28,10564.75,O_1541
37.21176342,126.8237702,S_829,0.62,152.09,O_1542
37.39257969,127.5333597,S_1078,2.1,523.65,O_1543
37.39257969,127.5333597,S_1078,14.12,10318.02,O_1544
37.39257969,127.5333597,S_1078,0.12,22.8,O_1545
37.03957521,127.1294469,S_1013,0.72,467.96,O_1546
37.03957521,127.1294469,S_1013,1.0,990.36,O_1547
37.03957521,127.1294469,S_1013,0.34,204.0,O_1548
37.03957521,127.1294469,S_1013,0.11,69.0,O_1549
37.03957521,127.1294469,S_1013,0.39,350.0,O_1550
37.61417599,126.9208071,S_183,0.25,120.0,O_1551
37.61417599,126.9208071,S_183,0.13,35.04,O_1552
37.82166172,127.0467604,S_1029,0.44,322.0,O_1553
37.82166172,127.0467604,S_1029,0.24,45.01,O_1554
37.82166172,127.0467604,S_1029,0.13,129.52,O_1555
37.47731386,126.6477986,S_447,0.41,315.0,O_1556
37.47731386,126.6477986,S_447,0.42,420.0,O_1557
37.73974459,127.0900012,S_888,3.8,3237.0,O_1558
37.73974459,127.0900012,S_888,1.0,219.9,O_1559
37.73974459,127.0900012,S_888,0.22,10.28,O_1560
37.73974459,127.0900012,S_888,1.26,118.6,O_1561
37.73974459,127.0900012,S_888,0.5,500.0,O_1562
37.5450816,126.7283322,S_530,1.63,357.34,O_1563
37.5450816,126.7283322,S_530,0.16,43.91,O_1564
37.50010311,126.8893378,S_266,0.48,316.37,O_1565
37.50010311,126.8893378,S_266,0.33,209.0,O_1566
37.50010311,126.8893378,S_266,0.8,480.0,O_1567
37.51116875,126.9214422,S_296,1.0,720.0,O_1568
37.51116875,126.9214422,S_296,0.83,514.8,O_1569
37.57071161,126.9889709,S_9,0.94,450.9,O_1570
37.57071161,126.9889709,S_9,1.0,424.8,O_1571
37.57071161,126.9889709,S_9,0.4,125.0,O_1572
37.57071161,126.9889709,S_9,2.22,973.44,O_1573
37.57071161,126.9889709,S_9,0.14,64.0,O_1574
37.32795741,127.0950287,S_733,0.2,12.0,O_1575
37.32795741,127.0950287,S_733,1.0,778.72,O_1576
37.32795741,127.0950287,S_733,0.26,189.0,O_1577
37.32795741,127.0950287,S_733,0.2,120.0,O_1578
37.32795741,127.0950287,S_733,1.0,24.0,O_1579
37.49007382,127.1241807,S_398,4.66,2535.91,O_1580
37.49007382,127.1241807,S_398,0.27,143.0,O_1581
37.49007382,127.1241807,S_398,0.56,245.78,O_1582
37.57871896,126.8136575,S_260,0.43,191.4,O_1583
37.57871896,126.8136575,S_260,0.68,601.2,O_1584
37.57871896,126.8136575,S_260,1.0,1.0,O_1585
37.57871896,126.8136575,S_260,2.14,430.37,O_1586
37.84705955,127.0646529,S_1028,0.83,502.23,O_1587
37.84705955,127.0646529,S_1028,0.14,74.37,O_1588
37.2651192,127.0487056,S_608,0.2,90.32,O_1589
37.2651192,127.0487056,S_608,4.66,1681.96,O_1590
37.2651192,127.0487056,S_608,0.69,354.0,O_1591
37.2651192,127.0487056,S_608,0.17,77.76,O_1592
37.79929135,126.7891973,S_918,0.29,125.4,O_1593
37.79929135,126.7891973,S_918,0.18,83.65,O_1594
37.79929135,126.7891973,S_918,0.11,39.84,O_1595
38.00542802,127.2446602,S_1046,1.0,400.0,O_1596
38.00542802,127.2446602,S_1046,0.1,60.94,O_1597
38.00542802,127.2446602,S_1046,0.34,16.5,O_1598
38.00542802,127.2446602,S_1046,0.32,182.45,O_1599
38.00542802,127.2446602,S_1046,6.74,5998.94,O_1600
37.52456036,126.855803,S_238,0.79,230.24,O_1601
37.52456036,126.855803,S_238,0.22,96.55,O_1602
37.52456036,126.855803,S_238,1.22,352.04,O_1603
37.52456036,126.855803,S_238,0.11,8.8,O_1604
37.52456036,126.855803,S_238,0.18,11.91,O_1605
37.41386797,126.909374,S_805,2.03,1576.78,O_1606
37.41386797,126.909374,S_805,0.17,130.96,O_1607
37.41386797,126.909374,S_805,0.26,161.64,O_1608
37.41386797,126.909374,S_805,0.28,140.8,O_1609
37.643913,126.7854948,S_641,0.27,54.0,O_1610
37.643913,126.7854948,S_641,0.13,152.0,O_1611
37.643913,126.7854948,S_641,0.29,212.47,O_1612
37.32798643,127.1141859,S_738,2.64,1952.34,O_1613
37.32798643,127.1141859,S_738,0.17,123.0,O_1614
37.32798643,127.1141859,S_738,4.01,3168.44,O_1615
37.32798643,127.1141859,S_738,0.63,186.0,O_1616
37.32798643,127.1141859,S_738,0.69,354.0,O_1617
37.89821688,127.2003247,S_1052,0.14,120.0,O_1618
37.89821688,127.2003247,S_1052,0.11,72.0,O_1619
37.89821688,127.2003247,S_1052,0.8,300.38,O_1620
37.90739536,127.0658957,S_1098,0.76,190.0,O_1621
37.90739536,127.0658957,S_1098,1.55,1404.2,O_1622
37.33330365,127.5414254,S_1077,0.17,120.0,O_1623
37.33330365,127.5414254,S_1077,0.19,12.6,O_1624
37.74627859,127.0307081,S_891,0.61,294.45,O_1625
37.74627859,127.0307081,S_891,0.63,338.77,O_1626
37.74627859,127.0307081,S_891,0.24,152.2,O_1627
37.6579969,126.9469561,S_622,0.99,205.2,O_1628
37.6579969,126.9469561,S_622,0.52,139.54,O_1629
37.6579969,126.9469561,S_622,0.27,163.05,O_1630
37.52397448,127.0227964,S_359,0.13,8.64,O_1631
37.52397448,127.0227964,S_359,0.24,77.08,O_1632
37.75302558,126.746896,S_921,0.37,300.0,O_1633
37.75302558,126.746896,S_921,0.31,214.85,O_1634
37.75302558,126.746896,S_921,0.15,108.0,O_1635
37.75302558,126.746896,S_921,2.0,1080.0,O_1636
37.63250969,127.0507799,S_159,0.1,50.0,O_1637
37.63250969,127.0507799,S_159,0.21,145.0,O_1638
37.63250969,127.0507799,S_159,0.19,180.0,O_1639
37.57445049,127.010871,S_14,0.11,110.0,O_1640
37.57445049,127.010871,S_14,1.16,640.9,O_1641
37.57445049,127.010871,S_14,0.47,390.0,O_1642
37.57445049,127.010871,S_14,4.91,2951.76,O_1643
37.00055641,127.2697871,S_1019,0.15,105.0,O_1644
37.00055641,127.2697871,S_1019,0.12,89.7,O_1645
37.00055641,127.2697871,S_1019,1.0,720.0,O_1646
37.5213567,126.9732982,S_42,0.28,19.08,O_1647
37.5213567,126.9732982,S_42,0.11,19.95,O_1648
37.5213567,126.9732982,S_42,2.24,1057.71,O_1649
37.5213567,126.9732982,S_42,0.66,396.0,O_1650
37.5213567,126.9732982,S_42,0.3,120.0,O_1651
37.52834682,126.7960266,S_753,0.21,90.4,O_1652
37.52834682,126.7960266,S_753,0.24,35.28,O_1653
37.55878281,126.8100743,S_257,0.36,139.2,O_1654
37.55878281,126.8100743,S_257,0.6,300.0,O_1655
37.55878281,126.8100743,S_257,0.25,135.07,O_1656
37.55878281,126.8100743,S_257,0.33,63.41,O_1657
37.45897879,126.9061844,S_285,0.32,260.0,O_1658
37.45897879,126.9061844,S_285,4.07,3610.0,O_1659
37.45897879,126.9061844,S_285,0.22,75.7,O_1660
37.3655036,126.7322533,S_904,2.76,2024.0,O_1661
37.3655036,126.7322533,S_904,0.2,44.4,O_1662
37.3655036,126.7322533,S_904,0.35,47.64,O_1663
37.35965817,126.9218479,S_982,0.2,141.32,O_1664
37.35965817,126.9218479,S_982,1.1,243.0,O_1665
37.35965817,126.9218479,S_982,0.45,88.13,O_1666
37.35965817,126.9218479,S_982,0.14,35.0,O_1667
37.56739892,126.8512712,S_254,1.0,990.36,O_1668
37.56739892,126.8512712,S_254,0.13,92.47,O_1669
37.56739892,126.8512712,S_254,0.2,136.4,O_1670
37.49831352,126.8980344,S_304,0.4,335.0,O_1671
37.49831352,126.8980344,S_304,0.12,1.82,O_1672
37.49831352,126.8980344,S_304,1.0,1269.41,O_1673
37.53773446,126.7289786,S_531,0.16,140.0,O_1674
37.53773446,126.7289786,S_531,0.12,80.4,O_1675
37.53773446,126.7289786,S_531,0.39,350.0,O_1676
37.53773446,126.7289786,S_531,0.58,158.3,O_1677
37.53773446,126.7289786,S_531,0.38,190.0,O_1678
37.70267735,127.1248906,S_785,0.62,435.0,O_1679
37.70267735,127.1248906,S_785,4.55,2617.5,O_1680
37.70267735,127.1248906,S_785,0.17,130.0,O_1681
37.4040587,126.9455656,S_811,0.53,158.76,O_1682
37.4040587,126.9455656,S_811,3.11,1877.92,O_1683
37.33836025,126.8029217,S_776,0.19,146.28,O_1684
37.33836025,126.8029217,S_776,0.74,399.6,O_1685
37.33836025,126.8029217,S_776,0.67,180.0,O_1686
37.33836025,126.8029217,S_776,0.27,48.04,O_1687
37.33836025,126.8029217,S_776,1.0,540.0,O_1688
37.32905517,127.6790797,S_1081,0.48,190.0,O_1689
37.32905517,127.6790797,S_1081,0.43,120.0,O_1690
37.62269237,126.8180323,S_627,1.02,32.5,O_1691
37.62269237,126.8180323,S_627,2.0,2000.0,O_1692
37.62269237,126.8180323,S_627,0.2,88.41,O_1693
37.5978135,127.065483,S_93,1.0,1000.0,O_1694
37.5978135,127.065483,S_93,0.85,193.79,O_1695
37.5978135,127.065483,S_93,0.14,100.0,O_1696
37.5978135,127.065483,S_93,0.19,21.84,O_1697
37.5978135,127.065483,S_93,4.23,1508.81,O_1698
37.5978135,127.065483,S_93,2.07,1527.62,O_1699
37.5978135,127.065483,S_93,0.1,44.52,O_1700
37.5978135,127.065483,S_93,0.35,244.76,O_1701
37.65230612,126.6716999,S_935,0.79,687.75,O_1702
37.65230612,126.6716999,S_935,0.75,774.97,O_1703
37.69431631,126.7684128,S_650,0.12,81.0,O_1704
37.69431631,126.7684128,S_650,0.38,48.0,O_1705
37.56336849,126.9078957,S_220,0.32,225.0,O_1706
37.56336849,126.9078957,S_220,0.1,17.97,O_1707
37.56336849,126.9078957,S_220,0.15,56.45,O_1708
37.04440469,127.0948511,S_865,0.42,31.91,O_1709
37.64988207,126.7783168,S_645,0.2,90.13,O_1710
37.64988207,126.7783168,S_645,1.0,720.0,O_1711
37.64988207,126.7783168,S_645,0.35,310.38,O_1712
37.64988207,126.7783168,S_645,0.15,86.58,O_1713
37.65359099,126.7844565,S_643,0.11,115.0,O_1714
37.65359099,126.7844565,S_643,0.1,49.1,O_1715
37.18830046,127.0408252,S_990,0.34,325.0,O_1716
37.84916518,126.8823945,S_914,0.78,204.42,O_1717
37.29710511,126.851049,S_756,0.13,8.9,O_1718
37.29710511,126.851049,S_756,0.6,172.0,O_1719
37.29710511,126.851049,S_756,0.27,123.33,O_1720
37.29710511,126.851049,S_756,2.26,824.8,O_1721
37.29710511,126.851049,S_756,3.0,3300.0,O_1722
37.29710511,126.851049,S_756,0.31,165.52,O_1723
37.29710511,126.851049,S_756,11.17,5423.97,O_1724
37.74078126,127.0427874,S_880,0.42,284.51,O_1725
37.74078126,127.0427874,S_880,0.8,204.0,O_1726
37.74078126,127.0427874,S_880,2.74,2422.75,O_1727
37.74078126,127.0427874,S_880,1.86,1354.41,O_1728
37.74078126,127.0427874,S_880,0.28,225.0,O_1729
37.74078126,127.0427874,S_880,1.12,753.3,O_1730
37.74078126,127.0427874,S_880,0.38,153.96,O_1731
37.74078126,127.0427874,S_880,0.8,227.08,O_1732
37.57206117,127.0050313,S_10,0.63,573.74,O_1733
37.57206117,127.0050313,S_10,5.12,3176.35,O_1734
37.57206117,127.0050313,S_10,0.58,440.65,O_1735
37.57206117,127.0050313,S_10,0.2,200.0,O_1736
37.57206117,127.0050313,S_10,1.83,1579.5,O_1737
37.57206117,127.0050313,S_10,0.1,18.37,O_1738
37.57206117,127.0050313,S_10,2.57,1254.44,O_1739
37.56880689,127.0801381,S_68,0.21,35.42,O_1740
37.56880689,127.0801381,S_68,0.2,59.52,O_1741
37.56880689,127.0801381,S_68,0.18,83.6,O_1742
37.56880689,127.0801381,S_68,0.3,331.12,O_1743
37.56880689,127.0801381,S_68,1.0,702.0,O_1744
37.56880689,127.0801381,S_68,0.27,23.42,O_1745
37.56880689,127.0801381,S_68,0.83,908.5,O_1746
37.56880689,127.0801381,S_68,2.33,1831.06,O_1747
37.4752255,126.6185426,S_433,0.1,49.08,O_1748
37.4752255,126.6185426,S_433,0.18,91.8,O_1749
37.4752255,126.6185426,S_433,0.28,110.0,O_1750
37.4752255,126.6185426,S_433,0.35,178.16,O_1751
37.4752255,126.6185426,S_433,0.11,4.77,O_1752
37.4752255,126.6185426,S_433,0.15,32.62,O_1753
37.4752255,126.6185426,S_433,4.86,3947.36,O_1754
37.50639203,126.9215141,S_301,0.51,193.25,O_1755
37.50639203,126.9215141,S_301,11.0,2985.62,O_1756
37.50639203,126.9215141,S_301,0.25,47.4,O_1757
37.50639203,126.9215141,S_301,0.25,100.0,O_1758
37.50639203,126.9215141,S_301,0.1,23.7,O_1759
37.50639203,126.9215141,S_301,0.16,51.6,O_1760
37.48243727,126.7790032,S_749,0.17,39.19,O_1761
37.48243727,126.7790032,S_749,0.15,72.0,O_1762
37.48243727,126.7790032,S_749,0.29,64.0,O_1763
37.48243727,126.7790032,S_749,0.5,52.44,O_1764
37.48243727,126.7790032,S_749,0.11,41.2,O_1765
37.48243727,126.7790032,S_749,1.04,740.5,O_1766
37.33483281,126.783189,S_773,0.37,300.0,O_1767
37.33483281,126.783189,S_773,0.12,43.71,O_1768
37.33483281,126.783189,S_773,0.12,30.0,O_1769
37.33483281,126.783189,S_773,7.96,2184.08,O_1770
37.33483281,126.783189,S_773,0.62,436.0,O_1771
37.33483281,126.783189,S_773,0.24,144.0,O_1772
37.33483281,126.783189,S_773,2.0,259.2,O_1773
37.33483281,126.783189,S_773,0.2,135.58,O_1774
37.33483281,126.783189,S_773,0.1,23.72,O_1775
37.90775602,127.0532387,S_1100,0.3,123.23,O_1776
37.90775602,127.0532387,S_1100,0.67,480.0,O_1777
37.90775602,127.0532387,S_1100,0.3,262.08,O_1778
37.90775602,127.0532387,S_1100,1.0,24.0,O_1779
37.90775602,127.0532387,S_1100,0.12,86.0,O_1780
37.90775602,127.0532387,S_1100,1.35,564.62,O_1781
37.90775602,127.0532387,S_1100,0.3,103.9,O_1782
37.90775602,127.0532387,S_1100,0.22,24.36,O_1783
37.90775602,127.0532387,S_1100,0.18,95.4,O_1784
37.57802956,127.0145586,S_15,0.31,192.4,O_1785
37.57802956,127.0145586,S_15,0.19,62.12,O_1786
37.57802956,127.0145586,S_15,5.27,4941.88,O_1787
37.57802956,127.0145586,S_15,2.67,1141.97,O_1788
37.20994358,127.0587656,S_848,0.55,3.96,O_1789
37.20994358,127.0587656,S_848,0.31,150.0,O_1790
37.20994358,127.0587656,S_848,0.2,142.59,O_1791
37.20994358,127.0587656,S_848,1.82,1208.4,O_1792
37.20994358,127.0587656,S_848,0.27,143.0,O_1793
37.20994358,127.0587656,S_848,0.23,70.56,O_1794
37.20994358,127.0587656,S_848,0.94,810.24,O_1795
37.20994358,127.0587656,S_848,0.26,196.84,O_1796
37.20994358,127.0587656,S_848,0.4,151.31,O_1797
37.30053949,127.0070465,S_579,0.41,399.64,O_1798
37.30053949,127.0070465,S_579,0.84,210.0,O_1799
37.30053949,127.0070465,S_579,0.95,293.68,O_1800
37.60330465,126.7709491,S_929,1.47,920.0,O_1801
37.60330465,126.7709491,S_929,0.16,140.0,O_1802
37.60330465,126.7709491,S_929,0.19,57.6,O_1803
37.60330465,126.7709491,S_929,0.84,164.11,O_1804
37.60330465,126.7709491,S_929,0.18,39.6,O_1805
37.60330465,126.7709491,S_929,0.12,19.57,O_1806
37.34022733,127.1226114,S_700,5.01,4297.33,O_1807
37.51230121,126.9419936,S_305,0.17,19.4,O_1808
37.51230121,126.9419936,S_305,0.17,39.19,O_1809
37.51230121,126.9419936,S_305,11.5,5230.1,O_1810
37.51230121,126.9419936,S_305,12.36,3960.14,O_1811
37.51230121,126.9419936,S_305,0.19,17.86,O_1812
37.51230121,126.9419936,S_305,0.33,135.0,O_1813
37.51230121,126.9419936,S_305,0.33,63.41,O_1814
37.51230121,126.9419936,S_305,0.17,70.0,O_1815
37.48228851,126.6426455,S_442,0.17,14.31,O_1816
37.48228851,126.6426455,S_442,3.5,2550.0,O_1817
37.48228851,126.6426455,S_442,6.64,6740.76,O_1818
37.48228851,126.6426455,S_442,0.43,120.0,O_1819
37.48228851,126.6426455,S_442,0.9,990.0,O_1820
37.48228851,126.6426455,S_442,0.16,111.63,O_1821
37.48228851,126.6426455,S_442,0.12,151.12,O_1822
37.46592091,126.6870501,S_464,1.22,874.16,O_1823
37.46592091,126.6870501,S_464,0.24,302.24,O_1824
37.46592091,126.6870501,S_464,0.39,29.8,O_1825
37.27257613,127.1064466,S_718,0.23,50.5,O_1826
37.27257613,127.1064466,S_718,3.11,923.63,O_1827
37.27257613,127.1064466,S_718,0.16,136.02,O_1828
37.27257613,127.1064466,S_718,0.26,121.97,O_1829
37.27257613,127.1064466,S_718,0.16,15.96,O_1830
37.27257613,127.1064466,S_718,0.3,172.15,O_1831
37.27257613,127.1064466,S_718,2.02,1755.0,O_1832
37.92188568,126.837603,S_920,0.9,460.02,O_1833
37.92188568,126.837603,S_920,0.16,11.45,O_1834
37.92188568,126.837603,S_920,0.15,32.62,O_1835
37.92188568,126.837603,S_920,0.11,78.59,O_1836
37.92188568,126.837603,S_920,0.62,419.2,O_1837
37.92188568,126.837603,S_920,1.25,271.84,O_1838
37.92188568,126.837603,S_920,2.0,2000.0,O_1839
37.92188568,126.837603,S_920,0.5,54.2,O_1840
37.92188568,126.837603,S_920,0.34,170.0,O_1841
37.56742273,127.0213823,S_31,11.0,2985.62,O_1842
37.56742273,127.0213823,S_31,0.13,31.0,O_1843
37.56742273,127.0213823,S_31,0.77,588.91,O_1844
37.56742273,127.0213823,S_31,0.6,428.79,O_1845
37.52216576,127.1941471,S_1072,1.0,540.0,O_1846
37.52216576,127.1941471,S_1072,0.15,148.48,O_1847
37.52216576,127.1941471,S_1072,0.34,105.78,O_1848
37.52216576,127.1941471,S_1072,0.89,154.42,O_1849
37.52216576,127.1941471,S_1072,0.1,61.17,O_1850
37.52216576,127.1941471,S_1072,0.11,28.51,O_1851
37.52216576,127.1941471,S_1072,1.09,494.83,O_1852
37.14019607,127.0441039,S_991,0.14,39.02,O_1853
37.14019607,127.0441039,S_991,0.12,26.92,O_1854
37.14019607,127.0441039,S_991,0.83,581.05,O_1855
37.14019607,127.0441039,S_991,0.12,81.0,O_1856
37.14019607,127.0441039,S_991,0.1,28.8,O_1857
37.14019607,127.0441039,S_991,4.8,2952.0,O_1858
37.14019607,127.0441039,S_991,0.5,6.48,O_1859
37.41800923,126.8153434,S_897,0.32,177.7,O_1860
37.41800923,126.8153434,S_897,0.12,81.0,O_1861
37.41800923,126.8153434,S_897,0.14,180.0,O_1862
37.41800923,126.8153434,S_897,0.38,318.0,O_1863
37.54102878,127.0496333,S_60,0.69,354.0,O_1864
37.54102878,127.0496333,S_60,0.15,41.27,O_1865
37.54102878,127.0496333,S_60,0.13,39.2,O_1866
37.54102878,127.0496333,S_60,8.39,5131.37,O_1867
37.54102878,127.0496333,S_60,0.14,64.8,O_1868
37.54102878,127.0496333,S_60,0.18,38.74,O_1869
37.38419674,126.9321362,S_802,0.11,43.27,O_1870
37.38419674,126.9321362,S_802,0.15,69.64,O_1871
37.38419674,126.9321362,S_802,0.15,37.62,O_1872
37.38419674,126.9321362,S_802,0.37,129.88,O_1873
37.38419674,126.9321362,S_802,0.12,30.0,O_1874
37.38419674,126.9321362,S_802,0.1,20.0,O_1875
37.38419674,126.9321362,S_802,0.33,48.0,O_1876
37.52879933,127.0843875,S_76,0.16,72.0,O_1877
37.53269577,126.8483304,S_251,0.15,130.5,O_1878
37.53269577,126.8483304,S_251,0.17,200.0,O_1879
37.53269577,126.8483304,S_251,0.35,232.97,O_1880
37.53269577,126.8483304,S_251,0.44,179.88,O_1881
37.53269577,126.8483304,S_251,0.27,286.0,O_1882
37.25775117,127.0246074,S_591,0.19,22.8,O_1883
37.25775117,127.0246074,S_591,4.31,1310.08,O_1884
37.25775117,127.0246074,S_591,0.18,109.5,O_1885
37.25775117,127.0246074,S_591,4.53,2100.04,O_1886
37.47720344,127.4854783,S_1087,1.82,1208.4,O_1887
37.47720344,127.4854783,S_1087,0.55,457.7,O_1888
37.47720344,127.4854783,S_1087,0.15,56.05,O_1889
37.47720344,127.4854783,S_1087,2.78,1619.47,O_1890
37.47720344,127.4854783,S_1087,0.13,24.0,O_1891
37.47720344,127.4854783,S_1087,0.39,129.0,O_1892
37.47720344,127.4854783,S_1087,0.25,175.51,O_1893
37.47720344,127.4854783,S_1087,0.1,11.52,O_1894
37.47720344,127.4854783,S_1087,0.17,117.0,O_1895
37.50585938,126.7086019,S_512,2.09,804.0,O_1896
37.50585938,126.7086019,S_512,0.1,72.0,O_1897
37.48748624,126.683403,S_554,1.0,1000.0,O_1898
37.47977264,126.9855596,S_353,0.47,123.15,O_1899
37.47977264,126.9855596,S_353,0.14,99.0,O_1900
37.47977264,126.9855596,S_353,0.21,88.0,O_1901
37.47977264,126.9855596,S_353,0.19,165.0,O_1902
37.47977264,126.9855596,S_353,0.2,84.54,O_1903
37.47977264,126.9855596,S_353,0.52,168.75,O_1904
37.48310498,126.9787779,S_312,0.98,660.0,O_1905
37.48310498,126.9787779,S_312,0.31,269.0,O_1906
37.49304008,126.8757883,S_262,0.4,400.0,O_1907
37.49304008,126.8757883,S_262,0.42,398.0,O_1908
37.49304008,126.8757883,S_262,0.13,30.98,O_1909
37.49304008,126.8757883,S_262,0.23,190.0,O_1910
37.49304008,126.8757883,S_262,9.92,2369.36,O_1911
37.49304008,126.8757883,S_262,9.25,8283.85,O_1912
37.49304008,126.8757883,S_262,0.19,30.7,O_1913
37.49304008,126.8757883,S_262,1.01,600.0,O_1914
37.49304008,126.8757883,S_262,0.23,228.17,O_1915
37.68646904,126.4798801,S_564,0.17,20.56,O_1916
37.68646904,126.4798801,S_564,0.19,122.8,O_1917
37.68646904,126.4798801,S_564,0.39,123.8,O_1918
37.68646904,126.4798801,S_564,0.25,168.0,O_1919
37.79823229,126.408698,S_570,0.4,493.36,O_1920
37.79823229,126.408698,S_570,0.78,265.12,O_1921
37.60440241,126.9151009,S_187,0.22,75.7,O_1922
37.37507087,127.5865435,S_1080,0.12,151.12,O_1923
37.37507087,127.5865435,S_1080,6.83,2212.46,O_1924
37.11494247,127.6168355,S_992,0.21,97.52,O_1925
37.11494247,127.6168355,S_992,0.17,116.0,O_1926
37.11494247,127.6168355,S_992,0.15,68.06,O_1927
37.11494247,127.6168355,S_992,1.76,1290.06,O_1928
37.65456793,127.2489488,S_788,0.13,45.6,O_1929
37.61843889,126.8253002,S_630,0.18,124.01,O_1930
37.67610107,127.494089,S_1113,3.54,120.5,O_1931
37.67610107,127.494089,S_1113,0.5,54.2,O_1932
37.41933026,126.6919605,S_475,0.17,101.99,O_1933
37.41933026,126.6919605,S_475,1.0,1000.0,O_1934
37.41933026,126.6919605,S_475,0.21,165.0,O_1935
37.29321213,126.9595429,S_594,2.92,2670.0,O_1936
37.29321213,126.9595429,S_594,1.34,20.48,O_1937
37.29321213,126.9595429,S_594,0.51,37.85,O_1938
37.29321213,126.9595429,S_594,0.69,480.0,O_1939
37.29321213,126.9595429,S_594,1.58,1149.68,O_1940
37.29321213,126.9595429,S_594,0.25,164.4,O_1941
37.70335325,126.9037232,S_625,0.42,100.28,O_1942
37.70335325,126.9037232,S_625,1.0,96.0,O_1943
37.70335325,126.9037232,S_625,0.21,67.0,O_1944
37.70335325,126.9037232,S_625,1.04,740.5,O_1945
37.70335325,126.9037232,S_625,0.3,68.0,O_1946
37.70335325,126.9037232,S_625,0.13,8.4,O_1947
37.70335325,126.9037232,S_625,0.13,8.4,O_1948
37.70335325,126.9037232,S_625,0.58,150.16,O_1949
37.56504103,127.1739072,S_408,0.13,38.4,O_1950
37.56504103,127.1739072,S_408,0.55,32.16,O_1951
37.56504103,127.1739072,S_408,0.38,150.0,O_1952
37.56504103,127.1739072,S_408,0.9,335.28,O_1953
37.56504103,127.1739072,S_408,0.1,80.0,O_1954
37.56504103,127.1739072,S_408,0.13,85.0,O_1955
37.56504103,127.1739072,S_408,0.1,77.42,O_1956
37.56504103,127.1739072,S_408,0.26,28.03,O_1957
37.56504103,127.1739072,S_408,2.78,900.0,O_1958
37.49184717,126.9586277,S_324,0.21,157.05,O_1959
37.49184717,126.9586277,S_324,0.13,80.0,O_1960
37.49184717,126.9586277,S_324,0.25,47.4,O_1961
37.49184717,126.9586277,S_324,0.18,77.31,O_1962
37.49184717,126.9586277,S_324,1.52,163.58,O_1963
37.49184717,126.9586277,S_324,0.32,246.0,O_1964
37.81771876,127.3531912,S_1116,0.58,230.0,O_1965
37.81771876,127.3531912,S_1116,3.5,1631.86,O_1966
37.81771876,127.3531912,S_1116,0.42,106.56,O_1967
37.81771876,127.3531912,S_1116,0.16,111.63,O_1968
37.81771876,127.3531912,S_1116,0.5,310.0,O_1969
37.34504684,126.812543,S_777,0.64,160.0,O_1970
37.34504684,126.812543,S_777,0.56,480.0,O_1971
37.34504684,126.812543,S_777,0.14,63.5,O_1972
37.52364629,126.8882263,S_294,3.0,691.2,O_1973
37.52364629,126.8882263,S_294,0.12,56.23,O_1974
37.52364629,126.8882263,S_294,1.81,489.34,O_1975
37.52364629,126.8882263,S_294,0.44,264.0,O_1976
37.52364629,126.8882263,S_294,0.18,11.0,O_1977
37.52364629,126.8882263,S_294,0.2,49.86,O_1978
37.52364629,126.8882263,S_294,0.31,53.91,O_1979
37.4631474,126.9034825,S_279,0.34,91.72,O_1980
37.4631474,126.9034825,S_279,1.29,824.63,O_1981
37.4631474,126.9034825,S_279,0.66,396.0,O_1982
37.4631474,126.9034825,S_279,0.44,179.88,O_1983
37.4631474,126.9034825,S_279,5.21,2420.0,O_1984
37.4631474,126.9034825,S_279,1.4,749.0,O_1985
37.3676845,126.9587908,S_822,0.2,100.0,O_1986
37.3676845,126.9587908,S_822,0.71,906.72,O_1987
37.3676845,126.9587908,S_822,0.15,67.43,O_1988
37.3676845,126.9587908,S_822,0.34,194.79,O_1989
37.3676845,126.9587908,S_822,9.92,2369.36,O_1990
