Y,X,ID,Start_time,End_time,Access_restriction,Unloading_time,Unloading_time_per_plt
37.58409211,126.9706207,S_1,1400,1700,None,5,10
37.57606858,126.9688539,S_2,0500,1000,None,5,10
37.58500537,126.9818567,S_3,0500,2200,None,5,10
37.59241132,126.964065,S_4,0500,1000,None,5,10
37.60637332,126.9683674,S_5,0500,2200,3500,5,10
37.57600022,126.9581596,S_6,0500,1000,None,5,10
37.57191387,126.9619602,S_7,0900,1100,None,5,10
37.58005086,126.9847891,S_8,0900,1100,None,5,10
37.57071161,126.9889709,S_9,0500,2200,None,5,10
37.57206117,127.0050313,S_10,0500,2200,None,5,10
37.57697973,127.0043465,S_11,0500,2200,None,5,10
37.58685154,127.0006231,S_12,0500,2200,None,5,10
37.57071856,127.0163431,S_13,1400,1700,None,5,10
37.57445049,127.010871,S_14,0500,2200,None,5,10
37.57802956,127.0145586,S_15,0500,1000,None,5,10
37.57782273,127.0156281,S_16,1400,1700,None,5,10
37.57487529,127.0199617,S_17,0900,1100,None,5,10
37.56242289,126.9770419,S_18,0500,2200,None,5,10
37.55728611,126.9793555,S_19,1400,1700,None,5,10
37.5600479,126.9858184,S_20,0500,1000,None,5,10
37.56015769,126.9955974,S_21,1400,1700,None,5,10
37.56190715,127.0078401,S_22,1400,1700,None,5,10
37.56446028,127.005037,S_23,1400,1700,3500,5,10
37.56201888,127.014445,S_25,1400,1700,1000,5,10
37.55433289,127.0082945,S_26,1400,1700,3500,5,10
37.55247345,127.0089948,S_27,0500,2200,None,5,10
37.55706761,127.0146854,S_28,0500,2200,None,5,10
37.5651269,127.0218661,S_29,0500,2200,None,5,10
37.55998237,127.0194224,S_30,1400,1700,None,5,10
37.56742273,127.0213823,S_31,0500,1000,None,5,10
37.55479085,126.9644544,S_32,0500,2200,None,5,10
37.54869884,126.9781522,S_33,0500,2200,None,5,10
37.54607483,126.9855706,S_34,0500,2200,None,5,10
37.54577416,126.9748246,S_35,1400,1700,None,5,10
37.5454791,126.9698731,S_36,0500,2200,None,5,10
37.53724193,126.9676278,S_37,0500,1000,None,5,10
37.53435268,126.9515469,S_38,1400,1700,None,5,10
37.54250834,126.9618379,S_39,0500,2200,None,5,10
37.53895578,126.9575843,S_40,0500,2200,None,5,10
37.5281408,126.9692276,S_41,0500,2200,None,5,10
37.5213567,126.9732982,S_42,0500,2200,None,5,10
37.52628266,126.9546591,S_43,1400,1700,None,5,10
37.53250655,126.9950674,S_44,0500,1000,None,5,10
37.54190386,126.9901955,S_45,0500,1000,3500,5,10
37.53456471,127.0004949,S_46,0500,2200,None,5,10
37.52047698,126.9946523,S_47,0500,2200,None,5,10
37.52630091,127.0001827,S_48,0500,2200,None,5,10
37.56787474,127.0255294,S_49,0500,2200,None,5,10
37.56108275,127.030513,S_50,0500,1000,None,5,10
37.56631969,127.0454073,S_51,0500,2200,None,5,10
37.56149957,127.045326,S_52,0900,1100,None,5,10
37.55850972,127.0361515,S_53,1400,1700,None,5,10
37.55822103,127.0293498,S_54,0500,2200,None,5,10
37.55313923,127.0334024,S_55,0500,1000,None,5,10
37.55485999,127.0216494,S_56,0500,2200,1000,5,10
37.55321004,127.0209111,S_57,0500,1000,None,5,10
37.54717885,127.0223524,S_58,0500,2200,3500,5,10
37.54364027,127.0134149,S_59,1400,1700,None,5,10
37.54102878,127.0496333,S_60,0900,1100,None,5,10
37.54640255,127.0443497,S_61,0500,2200,None,5,10
37.53954093,127.0540233,S_62,0500,1000,1000,5,10
37.5482232,127.0552456,S_63,0500,2200,None,5,10
37.55453307,127.0695685,S_64,0500,2200,None,5,10
37.56406781,127.0555683,S_65,0500,2200,None,5,10
37.56066762,127.0800521,S_66,0900,1100,None,5,10
37.56015047,127.0814751,S_67,0500,1000,None,5,10
37.56880689,127.0801381,S_68,0500,2200,None,5,10
37.55909865,127.0894329,S_69,0500,1000,3500,5,10
37.5537606,127.0805521,S_70,0500,2200,3500,5,10
37.54241324,127.0856773,S_71,0500,1000,None,5,10
37.54561639,127.0883599,S_72,0500,2200,None,5,10
37.53799342,127.0919847,S_73,1400,1700,3500,5,10
37.54688276,127.1030098,S_74,0900,1100,None,5,10
37.53449795,127.0823949,S_75,0500,1000,None,5,10
37.52879933,127.0843875,S_76,0500,2200,3500,5,10
37.53383394,127.0729024,S_77,0500,2200,None,5,10
37.53409779,127.0662584,S_78,0500,2200,None,5,10
37.54652678,127.0712676,S_79,0500,2200,None,5,10
37.5551605,127.07589,S_80,0500,2200,None,5,10
37.57580011,127.0372752,S_81,0500,2200,1000,5,10
37.5831288,127.0378228,S_82,0500,2200,None,5,10
37.57797071,127.0477271,S_83,0900,1100,None,5,10
37.57809107,127.0600078,S_84,1400,1700,None,5,10
37.57182309,127.0512749,S_85,0500,2200,None,5,10
37.56739777,127.0612821,S_86,0500,1000,None,5,10
37.56781936,127.0664131,S_87,1400,1700,None,5,10
37.57847147,127.0705894,S_88,0500,1000,None,5,10
37.58627625,127.0472854,S_89,0500,2200,None,5,10
37.59080616,127.0553779,S_90,0500,2200,None,5,10
37.5929078,127.0657612,S_91,0500,1000,None,5,10
37.59013384,127.0685918,S_92,0500,2200,None,5,10
37.5978135,127.065483,S_93,0900,1100,None,5,10
37.60337606,127.0651039,S_94,0900,1100,3500,5,10
37.58735561,127.0875552,S_95,0500,2200,1000,5,10
37.58977313,127.0790295,S_96,0500,2200,None,5,10
37.58295676,127.0880694,S_97,0500,1000,1000,5,10
37.57470151,127.0856085,S_98,0500,2200,None,5,10
37.58575279,127.0794745,S_99,0500,2200,3500,5,10
37.57901366,127.0869674,S_100,0500,2200,None,5,10
37.59983752,127.0871613,S_101,0500,2200,None,5,10
37.59289195,127.0808518,S_102,1400,1700,None,5,10
37.60117128,127.080661,S_103,0500,1000,None,5,10
37.61241458,127.0784793,S_105,0500,1000,None,5,10
37.60056056,127.1014853,S_107,1400,1700,None,5,10
37.59189966,127.0949182,S_108,0500,1000,None,5,10
37.60586899,127.0995038,S_109,1400,1700,None,5,10
37.60625232,127.0941678,S_110,1400,1700,None,5,10
37.59105175,127.0032478,S_111,0500,2200,None,5,10
37.59084573,127.0146418,S_112,0500,2200,None,5,10
37.59398014,127.0204087,S_113,0500,1000,None,5,10
37.59801698,127.010539,S_115,0500,2200,None,5,10
37.58037354,127.0228035,S_117,0500,2200,None,5,10
37.6014358,127.0166418,S_118,0500,2200,3500,5,10
37.60446495,127.0111396,S_119,0500,2200,None,5,10
37.60895467,127.0041769,S_120,0500,2200,None,5,10
37.61335758,127.0070184,S_121,1400,1700,None,5,10
37.61048654,127.0194561,S_122,0900,1100,None,5,10
37.60681328,127.0272803,S_123,0500,2200,None,5,10
37.59903437,127.0352236,S_124,1400,1700,None,5,10
37.61053624,127.035762,S_125,0500,2200,3500,5,10
37.60577914,127.0478706,S_126,1400,1700,3500,5,10
37.61406942,127.0436684,S_127,0900,1100,None,5,10
37.61239016,127.0544978,S_128,0500,2200,None,5,10
37.61655912,127.0566145,S_129,0900,1100,None,5,10
37.61297096,127.0614241,S_130,0500,2200,None,5,10
37.62505177,127.0197725,S_131,0900,1100,None,5,10
37.62709135,127.0269751,S_132,0900,1100,None,5,10
37.61612179,127.0337803,S_133,0500,2200,1000,5,10
37.61829748,127.023851,S_134,0500,2200,None,5,10
37.61514822,127.0207421,S_135,0900,1100,1000,5,10
37.63789129,127.0288472,S_136,0500,2200,None,5,10
37.6318813,127.0390622,S_137,0500,2200,None,5,10
37.62586737,127.0465907,S_138,0500,2200,3500,5,10
37.6300516,127.0175594,S_139,0500,2200,None,5,10
37.64464458,127.0198895,S_140,0500,2200,None,5,10
37.6387147,127.0231464,S_141,0900,1100,None,5,10
37.64793425,127.0118697,S_142,0500,1000,None,5,10
37.64148693,127.0105968,S_143,0500,2200,3500,5,10
37.64803784,127.0260513,S_144,0900,1100,None,5,10
37.65793243,127.0388203,S_145,0500,1000,1000,5,10
37.64898155,127.0279211,S_146,0500,2200,None,5,10
37.65646373,127.0284052,S_147,0500,2200,None,5,10
37.66422859,127.0406591,S_148,0500,2200,None,5,10
37.66821354,127.0350512,S_149,0500,2200,3500,5,10
37.65917578,127.0280107,S_150,0500,1000,None,5,10
37.64837711,127.0438238,S_151,0500,1000,None,5,10
37.64141508,127.035653,S_152,1400,1700,None,5,10
37.63799988,127.0429904,S_153,1400,1700,1000,5,10
37.65223813,127.0515393,S_154,0500,1000,None,5,10
37.65633441,127.0435868,S_155,0500,2200,3500,5,10
37.67869086,127.0434133,S_156,1400,1700,None,5,10
37.66967564,127.046534,S_157,1400,1700,None,5,10
37.61999186,127.0628833,S_158,0500,2200,3500,5,10
37.63250969,127.0507799,S_159,0500,2200,1000,5,10
37.62100498,127.0692318,S_160,0500,2200,None,5,10
37.62477801,127.0737505,S_161,1400,1700,1000,5,10
37.62128712,127.0833787,S_162,1400,1700,None,5,10
37.64055906,127.0725599,S_163,0500,2200,3500,5,10
37.63204326,127.0679518,S_164,1400,1700,None,5,10
37.64780328,127.0802862,S_165,0500,2200,1000,5,10
37.65254803,127.0774758,S_166,0500,1000,None,5,10
37.64212979,127.0687318,S_167,0500,2200,None,5,10
37.65876366,127.0779752,S_168,0500,2200,1000,5,10
37.67992984,127.0549605,S_169,1400,1700,1000,5,10
37.65748313,127.0678641,S_170,0500,1000,None,5,10
37.67291123,127.0832363,S_171,0500,1000,None,5,10
37.66273707,127.069498,S_172,0500,2200,None,5,10
37.65488369,127.0669501,S_173,0500,2200,None,5,10
37.66673618,127.0515533,S_174,0500,2200,None,5,10
37.66452079,127.0638188,S_175,0500,2200,1000,5,10
37.66128526,127.0602597,S_176,0500,1000,None,5,10
37.60245742,126.9288229,S_177,0500,1000,None,5,10
37.61035273,126.9320881,S_178,0500,1000,None,5,10
37.62368848,126.9166888,S_180,0500,2200,None,5,10
37.61867537,126.9157763,S_181,0500,2200,None,5,10
37.61175584,126.9103541,S_182,0500,2200,None,5,10
37.61417599,126.9208071,S_183,0500,1000,None,5,10
37.6006967,126.9267462,S_184,0500,2200,1000,5,10
37.59458158,126.9230685,S_185,0500,2200,None,5,10
37.59222993,126.9157173,S_186,0500,1000,None,5,10
37.60440241,126.9151009,S_187,0900,1100,None,5,10
37.59779426,126.9117597,S_188,0500,1000,None,5,10
37.59025708,126.9080583,S_189,0500,1000,None,5,10
37.58435477,126.9070273,S_190,0500,2200,None,5,10
37.58352996,126.8936446,S_191,1400,1700,None,5,10
37.63501732,126.9210378,S_192,0500,2200,1000,5,10
37.56480697,126.9547199,S_193,0500,2200,None,5,10
37.57111489,126.9590677,S_194,0500,2200,1000,5,10
37.55947096,126.9570364,S_195,1400,1700,None,5,10
37.55954878,126.9435048,S_196,0500,2200,None,5,10
37.57388703,126.9352207,S_197,1400,1700,None,5,10
37.58770606,126.9448892,S_198,0500,2200,None,5,10
37.58610547,126.9493691,S_199,0500,2200,None,5,10
37.59376657,126.9496911,S_200,0500,1000,None,5,10
37.59885299,126.9471453,S_201,0900,1100,None,5,10
37.58010825,126.9341504,S_202,0500,2200,None,5,10
37.57327487,126.9197797,S_203,0500,2200,None,5,10
37.57843406,126.9238669,S_204,0500,2200,None,5,10
37.57430267,126.9101907,S_205,1400,1700,None,5,10
37.58149091,126.9111755,S_206,1400,1700,None,5,10
37.55017417,126.9600328,S_207,0500,1000,1000,5,10
37.54710694,126.9521571,S_208,0500,2200,None,5,10
37.54153106,126.9498753,S_209,0500,1000,None,5,10
37.54232552,126.9428348,S_210,0500,2200,None,5,10
37.55585899,126.9423208,S_211,0900,1100,None,5,10
37.54707412,126.9456478,S_212,0500,2200,1000,5,10
37.54715926,126.9351045,S_213,0500,1000,None,5,10
37.54773473,126.9320618,S_214,0500,2200,None,5,10
37.55511048,126.9145897,S_215,1400,1700,None,5,10
37.55161665,126.911726,S_216,1400,1700,None,5,10
37.55558837,126.9055913,S_217,0900,1100,None,5,10
37.56031134,126.9023171,S_218,0900,1100,None,5,10
37.56450401,126.9220214,S_219,0500,2200,3500,5,10
37.56336849,126.9078957,S_220,1400,1700,None,5,10
37.56861384,126.9089695,S_221,0500,2200,None,5,10
37.57833432,126.894673,S_222,0500,2200,None,5,10
37.53036563,126.8711898,S_223,0500,2200,None,5,10
37.54614359,126.8717015,S_224,0900,1100,None,5,10
37.54474118,126.8644362,S_225,0900,1100,None,5,10
37.53243314,126.8683948,S_226,0500,2200,None,5,10
37.53718334,126.8817165,S_227,0500,1000,None,5,10
37.53280626,126.8315273,S_228,0900,1100,None,5,10
37.52497426,126.8445695,S_229,1400,1700,None,5,10
37.53363175,126.8290822,S_230,0500,1000,None,5,10
37.52469581,126.8400811,S_231,0500,2200,None,5,10
37.53858213,126.8271743,S_232,1400,1700,None,5,10
37.5180156,126.8450865,S_233,0500,2200,3500,5,10
37.52188377,126.834709,S_234,0500,2200,None,5,10
37.51857188,126.8542861,S_235,0500,2200,1000,5,10
37.51921418,126.870674,S_236,0500,2200,None,5,10
37.51514715,126.8547892,S_237,0500,1000,1000,5,10
37.52456036,126.855803,S_238,0500,2200,None,5,10
37.51705671,126.8643886,S_239,0500,2200,1000,5,10
37.51439945,126.8596713,S_240,0500,2200,None,5,10
37.55377136,126.8709657,S_241,0500,2200,None,5,10
37.55582869,126.8589098,S_242,0500,1000,1000,5,10
37.54265827,126.8625035,S_243,1400,1700,None,5,10
37.55888771,126.8479185,S_244,0900,1100,3500,5,10
37.54404823,126.8476634,S_245,0500,2200,None,5,10
37.53050858,126.8415925,S_246,1400,1700,None,5,10
37.53182784,126.8544885,S_247,0900,1100,1000,5,10
37.54252631,126.8384139,S_248,0500,1000,None,5,10
37.53480238,126.8607489,S_249,1400,1700,None,5,10
37.55181666,126.8500765,S_250,0500,2200,None,5,10
37.53269577,126.8483304,S_251,0500,2200,None,5,10
37.54828859,126.8418363,S_252,0900,1100,None,5,10
37.56948816,126.8447046,S_253,0500,2200,None,5,10
37.56739892,126.8512712,S_254,0500,2200,None,5,10
37.56108697,126.8605577,S_255,0500,2200,None,5,10
37.5531163,126.8331774,S_256,1400,1700,None,5,10
37.55878281,126.8100743,S_257,0500,2200,3500,5,10
37.57034251,126.817051,S_258,0500,2200,None,5,10
37.56671508,126.8067403,S_259,0500,2200,None,5,10
37.57871896,126.8136575,S_260,0500,2200,None,5,10
37.50777999,126.8805952,S_261,0500,2200,None,5,10
37.49304008,126.8757883,S_262,1400,1700,None,5,10
37.4913197,126.883399,S_263,0500,1000,3500,5,10
37.48734704,126.89033,S_264,0500,2200,1000,5,10
37.49157662,126.8891489,S_265,0500,2200,None,5,10
37.50010311,126.8893378,S_266,0500,2200,None,5,10
37.4825341,126.8897181,S_267,0500,2200,None,5,10
37.50040448,126.8627884,S_268,0900,1100,None,5,10
37.50669208,126.8586053,S_269,1400,1700,None,5,10
37.50024126,126.8511388,S_270,0500,2200,None,5,10
37.49250746,126.8620329,S_271,0900,1100,3500,5,10
37.4859944,126.8538383,S_272,1400,1700,None,5,10
37.49702838,126.8451219,S_273,1400,1700,None,5,10
37.48881354,126.8395133,S_274,1400,1700,None,5,10
37.4938915,126.8314768,S_275,0500,2200,None,5,10
37.48014529,126.8233947,S_276,0500,2200,None,5,10
37.47689182,126.8917817,S_277,0500,2200,None,5,10
37.47021905,126.8970437,S_278,1400,1700,None,5,10
37.4631474,126.9034825,S_279,0500,2200,None,5,10
37.47516041,126.9031745,S_280,0500,2200,None,5,10
37.46755353,126.9021682,S_281,0500,1000,1000,5,10
37.45355197,126.9032506,S_282,1400,1700,3500,5,10
37.44963195,126.9146119,S_283,0500,1000,None,5,10
37.44025903,126.9058017,S_284,0500,2200,None,5,10
37.45897879,126.9061844,S_285,0500,1000,None,5,10
37.4507346,126.9083415,S_286,0500,1000,None,5,10
37.51466633,126.9093394,S_287,0500,1000,None,5,10
37.52038937,126.9106976,S_288,1400,1700,3500,5,10
37.51769391,126.934614,S_289,0500,1000,None,5,10
37.52512811,126.8974049,S_290,0500,2200,None,5,10
37.53101151,126.8973478,S_291,0500,2200,None,5,10
37.5094934,126.8959996,S_292,1400,1700,None,5,10
37.51710975,126.8995233,S_293,1400,1700,None,5,10
37.52364629,126.8882263,S_294,1400,1700,None,5,10
37.53650136,126.8940394,S_295,1400,1700,None,5,10
37.51116875,126.9214422,S_296,0900,1100,None,5,10
37.50729867,126.9077496,S_297,0500,2200,None,5,10
37.50845067,126.9113577,S_298,0500,2200,3500,5,10
37.5016416,126.905219,S_299,0500,2200,None,5,10
37.50639203,126.9215141,S_301,0500,2200,None,5,10
37.49545723,126.905842,S_302,1400,1700,None,5,10
37.49273981,126.8982505,S_303,0500,2200,None,5,10
37.49831352,126.8980344,S_304,0500,2200,None,5,10
37.51230121,126.9419936,S_305,0500,2200,None,5,10
37.50851669,126.9373567,S_306,0500,2200,None,5,10
37.49810133,126.9530811,S_307,0500,2200,None,5,10
37.50546805,126.9423012,S_308,0500,2200,None,5,10
37.49912572,126.931404,S_309,0500,1000,None,5,10
37.49937464,126.9414012,S_310,0500,2200,None,5,10
37.505777,126.9665927,S_311,1400,1700,None,5,10
37.48310498,126.9787779,S_312,1400,1700,None,5,10
37.4887124,126.9792525,S_313,0500,2200,None,5,10
37.48097575,126.9716337,S_315,0900,1100,None,5,10
37.48566276,126.9669792,S_316,1400,1700,1000,5,10
37.50815443,126.9263229,S_317,0500,2200,None,5,10
37.48894469,126.9100394,S_318,0500,2200,None,5,10
37.49841253,126.924544,S_319,0500,2200,None,5,10
37.48817585,126.932778,S_320,0500,2200,None,5,10
37.48530456,126.9424095,S_321,0500,2200,3500,5,10
37.48952989,126.9481596,S_322,1400,1700,None,5,10
37.48419282,126.9497511,S_323,0500,2200,None,5,10
37.49184717,126.9586277,S_324,0900,1100,None,5,10
37.48064257,126.9570309,S_325,0900,1100,None,5,10
37.4791175,126.9416407,S_326,0500,2200,None,5,10
37.47649632,126.9583326,S_327,0500,1000,None,5,10
37.47509931,126.9653243,S_328,0500,2200,None,5,10
37.47468786,126.9778753,S_329,0500,2200,1000,5,10
37.487396,126.9271139,S_330,0500,1000,None,5,10
37.48541288,126.9180359,S_331,0500,1000,3500,5,10
37.48256328,126.9077947,S_332,1400,1700,None,5,10
37.47617498,126.9155517,S_333,1400,1700,1000,5,10
37.47102189,126.9216418,S_334,1400,1700,None,5,10
37.46151944,126.9187965,S_335,1400,1700,None,5,10
37.47976918,126.9313747,S_336,0500,2200,None,5,10
37.47499588,126.9349996,S_338,0500,2200,None,5,10
37.4701073,126.9329623,S_339,0500,2200,None,5,10
37.47059604,126.9369573,S_340,0500,2200,None,5,10
37.49019154,127.0194671,S_341,0500,2200,3500,5,10
37.49206947,127.0249478,S_342,0500,2200,3500,5,10
37.48371635,127.0119913,S_343,0500,2200,None,5,10
37.50271558,127.02221,S_344,0500,2200,None,5,10
37.51496808,127.0139821,S_345,1400,1700,None,5,10
37.50509404,127.0133786,S_347,0500,1000,None,5,10
37.50458542,126.9944717,S_348,0500,1000,None,5,10
37.51204799,127.0056087,S_349,1400,1700,None,5,10
37.49748589,127.0003286,S_350,0500,2200,3500,5,10
37.49414867,126.988847,S_351,1400,1700,None,5,10
37.48336166,126.9945139,S_352,0500,1000,None,5,10
37.47977264,126.9855596,S_353,0500,2200,None,5,10
37.47843876,126.9999966,S_354,0500,2200,3500,5,10
37.48900761,126.9922424,S_355,1400,1700,None,5,10
37.47167106,127.0266688,S_356,1400,1700,1000,5,10
37.47064502,127.0412829,S_357,0500,1000,None,5,10
37.44935828,127.0583143,S_358,1400,1700,None,5,10
37.52397448,127.0227964,S_359,0500,2200,None,5,10
37.5115038,127.0285345,S_360,0500,2200,None,5,10
37.51728313,127.0372042,S_361,0900,1100,1000,5,10
37.53061724,127.0306522,S_362,1400,1700,None,5,10
37.52509211,127.0492911,S_363,1400,1700,None,5,10
37.5143323,127.062501,S_364,0500,2200,1000,5,10
37.51120727,127.0459769,S_365,0500,1000,None,5,10
37.49324481,127.056775,S_366,0500,1000,None,5,10
37.50230433,127.0641877,S_367,0500,2200,1000,5,10
37.49972974,127.0578495,S_368,0500,2200,None,5,10
37.49537321,127.0332838,S_369,0500,2200,None,5,10
37.49597383,127.046815,S_370,1400,1700,None,5,10
37.48372308,127.046407,S_372,0500,1000,1000,5,10
37.48328034,127.0543931,S_373,0500,2200,None,5,10
37.48978362,127.0690768,S_374,0500,1000,None,5,10
37.47881995,127.0516585,S_375,0500,1000,None,5,10
37.48337906,127.0864829,S_376,1400,1700,3500,5,10
37.49185469,127.0880264,S_377,0500,2200,None,5,10
37.49215103,127.0736771,S_378,0500,1000,None,5,10
37.48891301,127.1049908,S_379,0900,1100,3500,5,10
37.46904926,127.1069125,S_380,0500,2200,None,5,10
37.53807237,127.1220741,S_381,0500,2200,None,5,10
37.52923995,127.1157303,S_382,0500,2200,None,5,10
37.49694018,127.1433044,S_383,0500,1000,3500,5,10
37.49354898,127.1468223,S_384,0500,2200,None,5,10
37.49600273,127.1499482,S_385,0500,2200,None,5,10
37.49684218,127.1485343,S_386,0500,2200,None,5,10
37.5109768,127.1239058,S_387,0500,1000,None,5,10
37.51555725,127.134274,S_389,0500,2200,1000,5,10
37.50298784,127.1280698,S_390,0500,2200,None,5,10
37.50626355,127.1093124,S_391,0500,2200,None,5,10
37.50231833,127.1167367,S_392,0500,1000,1000,5,10
37.50356569,127.1036892,S_393,0500,1000,None,5,10
37.50272496,127.0925231,S_394,0500,2200,None,5,10
37.49558031,127.1217613,S_395,0500,1000,None,5,10
37.50304147,127.1230517,S_396,0500,2200,None,5,10
37.49867675,127.1266095,S_397,0500,2200,None,5,10
37.49007382,127.1241807,S_398,1400,1700,None,5,10
37.48988331,127.1108968,S_399,0500,2200,None,5,10
37.48696583,127.1324383,S_400,1400,1700,1000,5,10
37.48114953,127.1439356,S_401,1400,1700,3500,5,10
37.50615944,127.0842989,S_402,0500,2200,None,5,10
37.51189159,127.0885409,S_403,1400,1700,None,5,10
37.51329966,127.0943752,S_404,0500,2200,None,5,10
37.52010823,127.1122446,S_405,0500,2200,None,5,10
37.51811892,127.1006398,S_406,0900,1100,None,5,10
37.50865223,127.0765197,S_407,0500,2200,1000,5,10
37.56504103,127.1739072,S_408,0500,1000,None,5,10
37.55058303,127.1683006,S_409,0500,2200,None,5,10
37.5463638,127.1513524,S_412,0500,2200,None,5,10
37.55728071,127.1515076,S_413,0500,2200,None,5,10
37.56050657,127.1643563,S_414,0500,1000,None,5,10
37.5514791,127.1326396,S_415,1400,1700,1000,5,10
37.5517063,127.1272709,S_416,0900,1100,None,5,10
37.55499636,127.1407841,S_417,1400,1700,None,5,10
37.54502087,127.1367994,S_418,1400,1700,None,5,10
37.54345134,127.1254311,S_419,1400,1700,None,5,10
37.53047772,127.122458,S_421,1400,1700,None,5,10
37.53243047,127.1295408,S_422,0500,2200,None,5,10
37.52604217,127.1328839,S_423,0500,2200,None,5,10
37.53456231,127.1426858,S_424,0500,1000,None,5,10
37.53334613,127.1419485,S_425,0500,2200,None,5,10
37.53334613,127.1419485,S_426,0900,1100,None,5,10
37.47042186,126.6250106,S_427,0500,2200,None,5,10
37.45314708,126.6045123,S_428,0500,2200,None,5,10
37.46765504,126.6340871,S_429,0500,1000,None,5,10
37.46806974,126.6379078,S_430,0500,1000,None,5,10
37.46923278,126.6357741,S_431,0500,2200,None,5,10
37.47682521,126.6289482,S_432,1400,1700,None,5,10
37.4752255,126.6185426,S_433,0500,2200,None,5,10
37.49415709,126.5314783,S_434,0500,2200,3500,5,10
37.48885379,126.5548446,S_435,0500,2200,3500,5,10
37.49333114,126.4883441,S_436,0500,1000,None,5,10
37.44390218,126.4024337,S_437,1400,1700,None,5,10
37.48325804,126.625498,S_438,0500,2200,1000,5,10
37.48156192,126.6299071,S_439,0500,2200,None,5,10
37.48438723,126.6301776,S_440,0500,1000,None,5,10
37.47849492,126.6333817,S_441,0500,1000,None,5,10
37.48228851,126.6426455,S_442,0500,2200,None,5,10
37.47627201,126.6402265,S_443,0500,2200,1000,5,10
37.47581426,126.6426792,S_444,1400,1700,None,5,10
37.47472619,126.6488033,S_445,1400,1700,1000,5,10
37.47731386,126.6477986,S_447,0500,2200,None,5,10
37.47251183,126.6397792,S_448,0500,1000,None,5,10
37.46724303,126.6472204,S_449,0500,1000,None,5,10
37.46288692,126.6487577,S_450,1400,1700,3500,5,10
37.46483916,126.6591374,S_451,0500,2200,None,5,10
37.45480112,126.6585755,S_452,1400,1700,None,5,10
37.45617741,126.6442199,S_453,0500,2200,None,5,10
37.45674657,126.6519011,S_454,0500,2200,3500,5,10
37.45255004,126.6402604,S_455,0500,2200,None,5,10
37.43983771,126.6641176,S_456,0500,2200,None,5,10
37.44658154,126.6674738,S_457,0500,2200,None,5,10
37.46090745,126.673829,S_458,0500,2200,None,5,10
37.47092611,126.6661471,S_459,0500,1000,None,5,10
37.46379112,126.67658,S_460,0500,2200,None,5,10
37.45469924,126.6727245,S_461,0900,1100,1000,5,10
37.44488455,126.6740315,S_462,0500,2200,None,5,10
37.45512738,126.6903025,S_463,0500,2200,None,5,10
37.46592091,126.6870501,S_464,1400,1700,None,5,10
37.46127832,126.692311,S_465,0500,1000,None,5,10
37.44844518,126.6776513,S_466,0500,2200,None,5,10
37.44956626,126.6893094,S_467,0500,2200,None,5,10
37.44417922,126.6968093,S_468,1400,1700,None,5,10
37.43768495,126.6850043,S_469,0900,1100,None,5,10
37.42737478,126.6550908,S_470,1400,1700,3500,5,10
37.42619045,126.6482901,S_471,0500,2200,3500,5,10
37.42249875,126.7012935,S_472,0500,2200,None,5,10
37.42225406,126.6810562,S_473,0500,2200,None,5,10
37.4116668,126.6818349,S_474,0500,2200,1000,5,10
37.41933026,126.6919605,S_475,0500,2200,None,5,10
37.42501426,126.666092,S_476,0900,1100,None,5,10
37.40960121,126.6707753,S_477,0500,2200,None,5,10
37.40275114,126.6693221,S_478,1400,1700,None,5,10
37.40845834,126.6783262,S_479,1400,1700,None,5,10
37.39105575,126.6520819,S_480,0500,1000,None,5,10
37.40327221,126.6416481,S_481,0500,2200,None,5,10
37.37148829,126.6601662,S_482,0500,1000,3500,5,10
37.3880856,126.6349147,S_483,0500,2200,None,5,10
37.41391057,126.6232673,S_484,0500,2200,None,5,10
37.44765055,126.7124925,S_485,0500,2200,None,5,10
37.45611051,126.7133534,S_486,0900,1100,3500,5,10
37.45269339,126.6969414,S_487,0500,1000,None,5,10
37.44965914,126.724082,S_488,0500,2200,None,5,10
37.46398154,126.7109443,S_490,1400,1700,None,5,10
37.46613822,126.7145502,S_491,0500,1000,None,5,10
37.46735438,126.6991773,S_492,0500,2200,1000,5,10
37.44872104,126.731968,S_493,0500,1000,1000,5,10
37.4613903,126.7311606,S_494,1400,1700,None,5,10
37.46196342,126.723005,S_495,0500,2200,None,5,10
37.45947517,126.7356207,S_496,0500,2200,3500,5,10
37.44376732,126.7376512,S_498,0500,1000,None,5,10
37.4358821,126.7473662,S_499,0500,2200,None,5,10
37.42791756,126.7507057,S_500,0500,2200,3500,5,10
37.40569003,126.7293204,S_502,0500,2200,1000,5,10
37.40422441,126.716394,S_503,1400,1700,None,5,10
37.39776864,126.7263887,S_504,1400,1700,None,5,10
37.49421416,126.7200667,S_505,0500,2200,None,5,10
37.48742998,126.7172026,S_506,0500,1000,1000,5,10
37.49360029,126.7283185,S_509,0500,2200,None,5,10
37.48515092,126.7265942,S_510,1400,1700,3500,5,10
37.50694981,126.7002276,S_511,0500,2200,None,5,10
37.50585938,126.7086019,S_512,0500,1000,1000,5,10
37.49074736,126.7095027,S_513,0500,1000,None,5,10
37.50174172,126.7114695,S_514,0500,2200,None,5,10
37.51487345,126.7045398,S_516,0500,2200,None,5,10
37.51759423,126.7271355,S_517,0500,1000,None,5,10
37.51074234,126.7257122,S_518,1400,1700,None,5,10
37.51818374,126.7371372,S_519,0500,1000,None,5,10
37.51178851,126.7363646,S_520,1400,1700,None,5,10
37.48470342,126.7368841,S_521,0500,2200,3500,5,10
37.49481764,126.7371225,S_522,0500,2200,None,5,10
37.50431278,126.7347041,S_523,1400,1700,None,5,10
37.4845362,126.7469541,S_524,1400,1700,None,5,10
37.47387495,126.7078619,S_526,0500,2200,None,5,10
37.53246206,126.7121341,S_527,0500,1000,1000,5,10
37.5250509,126.7098174,S_528,0500,2200,None,5,10
37.53960519,126.7213477,S_529,0500,1000,None,5,10
37.5450816,126.7283322,S_530,0500,2200,None,5,10
37.53773446,126.7289786,S_531,0500,2200,None,5,10
37.53456714,126.7417043,S_532,0500,2200,None,5,10
37.53079932,126.7296969,S_533,1400,1700,None,5,10
37.53291373,126.7239086,S_534,0500,2200,None,5,10
37.52810351,126.7364231,S_535,0500,2200,None,5,10
37.57709007,126.7334825,S_536,0900,1100,3500,5,10
37.54814426,126.7414507,S_537,0500,2200,None,5,10
37.55937087,126.7593666,S_538,0500,1000,None,5,10
37.56441807,126.6736016,S_539,0900,1100,3500,5,10
37.54899055,126.6782347,S_540,0500,2200,None,5,10
37.5326712,126.6537481,S_541,1400,1700,None,5,10
37.53264597,126.644168,S_542,0900,1100,None,5,10
37.53333539,126.6270221,S_543,0500,2200,3500,5,10
37.52641768,126.6705158,S_544,1400,1700,None,5,10
37.51554679,126.6778385,S_546,0500,2200,None,5,10
37.51460915,126.6722848,S_547,0500,1000,None,5,10
37.51118634,126.6747608,S_548,0500,2200,None,5,10
37.50250466,126.6746007,S_549,0500,2200,None,5,10
37.50820245,126.6782989,S_550,1400,1700,None,5,10
37.49434385,126.6725871,S_551,0500,1000,None,5,10
37.49083842,126.6848481,S_552,0500,1000,None,5,10
37.49250983,126.6800417,S_553,0500,2200,None,5,10
37.48748624,126.683403,S_554,0500,2200,1000,5,10
37.60508641,126.6618003,S_555,1400,1700,None,5,10
37.61709059,126.6889495,S_556,0500,2200,None,5,10
37.59508062,126.7017079,S_557,1400,1700,None,5,10
37.59210015,126.6746299,S_558,0500,2200,None,5,10
37.59701626,126.6376311,S_559,0500,2200,None,5,10
37.59537586,126.6737139,S_560,0900,1100,None,5,10
37.59408107,126.7156548,S_561,0500,2200,None,5,10
37.74815636,126.4835215,S_562,0500,2200,None,5,10
37.71355037,126.4848279,S_563,0500,1000,None,5,10
37.68646904,126.4798801,S_564,0500,2200,3500,5,10
37.64035969,126.4910236,S_565,0500,2200,None,5,10
37.63169982,126.4198415,S_566,0500,1000,1000,5,10
37.66288936,126.4221118,S_567,0900,1100,None,5,10
37.71934284,126.3898168,S_568,0500,2200,None,5,10
37.77426219,126.4115677,S_569,0500,1000,None,5,10
37.79823229,126.408698,S_570,0500,2200,None,5,10
37.76465305,126.4630361,S_571,0500,2200,None,5,10
37.78446054,126.2832345,S_572,0500,2200,1000,5,10
37.31031825,126.9974202,S_573,0500,1000,None,5,10
37.29761545,126.9714256,S_574,0500,2200,None,5,10
37.30220846,126.9912945,S_575,0500,1000,1000,5,10
37.29507788,127.0004395,S_576,0900,1100,None,5,10
37.29570144,126.9925834,S_577,0500,2200,None,5,10
37.29314857,127.0139656,S_578,1400,1700,None,5,10
37.30053949,127.0070465,S_579,1400,1700,None,5,10
37.30179766,127.0164989,S_580,1400,1700,None,5,10
37.30561565,127.0096779,S_581,0500,2200,None,5,10
37.29056091,127.0215333,S_582,0500,2200,None,5,10
37.26219335,127.0079806,S_583,0500,2200,None,5,10
37.25336682,127.0130773,S_584,0900,1100,3500,5,10
37.25899981,127.0119174,S_585,0500,2200,3500,5,10
37.25805967,126.9941712,S_586,0500,2200,None,5,10
37.2726001,126.9860672,S_587,1400,1700,None,5,10
37.27711683,126.9714666,S_588,0500,2200,None,5,10
37.27273093,126.9521896,S_589,0500,2200,None,5,10
37.26622817,126.9570475,S_590,1400,1700,None,5,10
37.25775117,127.0246074,S_591,0500,2200,None,5,10
37.25132394,127.0297122,S_592,0500,1000,None,5,10
37.243319,127.0333293,S_593,0500,2200,None,5,10
37.29321213,126.9595429,S_594,1400,1700,None,5,10
37.28405012,127.0126478,S_595,0500,1000,None,5,10
37.26889118,127.0059534,S_597,0500,2200,None,5,10
37.27345339,127.0011304,S_598,0500,2200,None,5,10
37.27642213,126.9950333,S_599,0500,2200,None,5,10
37.28509296,126.9863043,S_600,0500,1000,None,5,10
37.28150892,127.0246425,S_601,0500,1000,None,5,10
37.27800309,127.0397814,S_603,0500,2200,None,5,10
37.26793766,127.0306632,S_604,0500,2200,None,5,10
37.27050014,127.0405278,S_605,1400,1700,None,5,10
37.27014851,127.0474375,S_606,0500,2200,None,5,10
37.25644622,127.0431047,S_607,0500,1000,None,5,10
37.2651192,127.0487056,S_608,1400,1700,None,5,10
37.27349637,127.0532671,S_609,1400,1700,None,5,10
37.2901826,127.0473961,S_610,1400,1700,None,5,10
37.29225606,127.0701048,S_611,1400,1700,None,5,10
37.26634155,127.0805552,S_612,0500,2200,None,5,10
37.24696205,127.0563253,S_613,0500,2200,None,5,10
37.25256289,127.0769161,S_614,0500,1000,1000,5,10
37.23778915,127.0608407,S_615,0900,1100,None,5,10
37.23884803,127.051616,S_616,1400,1700,None,5,10
37.65948177,126.8296166,S_617,0900,1100,None,5,10
37.67739647,126.8758551,S_618,0500,2200,1000,5,10
37.64496169,126.8543437,S_619,0500,2200,None,5,10
37.65714689,126.8363067,S_620,0500,2200,None,5,10
37.65294798,126.8329134,S_621,1400,1700,None,5,10
37.6579969,126.9469561,S_622,0500,2200,None,5,10
37.65258037,126.8937204,S_623,1400,1700,None,5,10
37.64551107,126.8865439,S_624,0500,1000,None,5,10
37.70335325,126.9037232,S_625,0500,1000,1000,5,10
37.68801485,126.8625336,S_626,1400,1700,None,5,10
37.62269237,126.8180323,S_627,0500,1000,None,5,10
37.64467793,126.8334694,S_628,0500,1000,None,5,10
37.63055912,126.8357023,S_629,0500,2200,None,5,10
37.61843889,126.8253002,S_630,0500,2200,None,5,10
37.62232049,126.8358861,S_631,0900,1100,None,5,10
37.6151649,126.8330294,S_632,0500,2200,None,5,10
37.62638786,126.8385966,S_633,0500,2200,None,5,10
37.60003849,126.8726436,S_634,0500,2200,None,5,10
37.5855546,126.8751729,S_635,0500,1000,None,5,10
37.67734126,126.8137087,S_636,0500,2200,None,5,10
37.69181748,126.7804395,S_637,0500,2200,None,5,10
37.67246048,126.779829,S_638,0900,1100,None,5,10
37.66408302,126.799862,S_639,0500,2200,None,5,10
37.64963044,126.7924908,S_640,0500,1000,None,5,10
37.643913,126.7854948,S_641,1400,1700,1000,5,10
37.65581568,126.7897919,S_642,0900,1100,None,5,10
37.65359099,126.7844565,S_643,0500,1000,1000,5,10
37.64162878,126.7705294,S_644,0500,1000,None,5,10
37.64988207,126.7783168,S_645,1400,1700,1000,5,10
37.70190913,126.8271794,S_646,0500,2200,None,5,10
37.68724049,126.7685472,S_647,0500,1000,None,5,10
37.68462294,126.7771814,S_648,0500,2200,3500,5,10
37.67697357,126.770239,S_649,0500,2200,None,5,10
37.69431631,126.7684128,S_650,0500,2200,1000,5,10
37.67011745,126.7632954,S_651,0500,2200,None,5,10
37.67411499,126.7604795,S_652,0500,2200,3500,5,10
37.68297474,126.7551225,S_653,0500,2200,None,5,10
37.67142372,126.73545,S_654,1400,1700,None,5,10
37.69091106,126.7542924,S_655,0500,2200,1000,5,10
37.44305053,127.1411825,S_656,0500,1000,None,5,10
37.44353181,127.1488541,S_658,0500,2200,1000,5,10
37.44076525,127.126161,S_659,0500,2200,None,5,10
37.4471328,127.1387102,S_660,0500,2200,None,5,10
37.44534077,127.1330727,S_661,1400,1700,None,5,10
37.4477013,127.1414857,S_662,0500,1000,None,5,10
37.43857117,127.1390283,S_663,0500,2200,None,5,10
37.4373159,127.1287464,S_664,0500,2200,None,5,10
37.44968085,127.1556538,S_665,0500,2200,1000,5,10
37.45221307,127.1500716,S_666,0900,1100,None,5,10
37.45490106,127.1609619,S_667,0500,1000,None,5,10
37.46587915,127.1271126,S_668,0500,2200,None,5,10
37.46828764,127.1495117,S_669,0500,2200,1000,5,10
37.45469569,127.1045037,S_670,0500,1000,3500,5,10
37.42884238,127.104861,S_671,0500,2200,None,5,10
37.42207087,127.1081659,S_672,1400,1700,1000,5,10
37.43533517,127.1381125,S_673,0900,1100,None,5,10
37.44293163,127.1562683,S_674,0500,2200,3500,5,10
37.44508402,127.1624469,S_675,0500,2200,None,5,10
37.44627092,127.1640171,S_676,0500,1000,1000,5,10
37.45212158,127.1689239,S_677,0500,1000,None,5,10
37.45708867,127.1665193,S_678,0500,2200,3500,5,10
37.43321057,127.1643838,S_679,0500,1000,None,5,10
37.43890911,127.1583213,S_680,0500,2200,None,5,10
37.43967369,127.1654452,S_681,0500,2200,3500,5,10
37.42828434,127.1463625,S_682,1400,1700,1000,5,10
37.41649362,127.1527838,S_683,0500,2200,None,5,10
37.37021609,127.1311481,S_684,0500,2200,None,5,10
37.37546375,127.1180641,S_685,0500,2200,3500,5,10
37.37153366,127.1221424,S_686,0500,2200,3500,5,10
37.36686405,127.1261376,S_687,1400,1700,3500,5,10
37.36145084,127.1115403,S_688,0900,1100,None,5,10
37.37276163,127.1063236,S_689,1400,1700,None,5,10
37.3660034,127.1152656,S_690,0500,2200,None,5,10
37.36078761,127.1195519,S_691,0500,1000,None,5,10
37.38286138,127.1260486,S_692,0500,2200,None,5,10
37.37605256,127.1346045,S_693,0500,2200,1000,5,10
37.39955334,127.127162,S_694,0500,2200,None,5,10
37.39957655,127.1218899,S_695,0500,1000,None,5,10
37.41205083,127.1302356,S_696,0500,2200,None,5,10
37.40942441,127.1273763,S_697,0500,2200,None,5,10
37.41083275,127.1379404,S_698,0500,1000,None,5,10
37.35163402,127.1070858,S_699,0900,1100,None,5,10
37.34022733,127.1226114,S_700,0500,1000,None,5,10
37.3492844,127.1117738,S_701,0900,1100,3500,5,10
37.38992231,127.0986737,S_702,0500,2200,None,5,10
37.40612665,127.1163078,S_703,0500,1000,None,5,10
37.38853702,127.1108378,S_704,0500,2200,3500,5,10
37.39058224,127.0778923,S_705,1400,1700,3500,5,10
37.27781781,127.2308231,S_706,0500,2200,None,5,10
37.32953302,127.2423619,S_707,0500,2200,None,5,10
37.14112038,127.1961973,S_708,0500,2200,None,5,10
37.11568157,127.1505036,S_709,0500,2200,1000,5,10
37.16658943,127.3132646,S_710,0500,1000,None,5,10
37.16340683,127.3753789,S_711,0500,1000,None,5,10
37.2354869,127.2798389,S_712,0500,2200,None,5,10
37.23455978,127.1881482,S_714,0500,2200,None,5,10
37.24963097,127.165158,S_715,1400,1700,None,5,10
37.25285779,127.21205,S_716,0900,1100,None,5,10
37.23277029,127.219174,S_717,0500,2200,1000,5,10
37.27257613,127.1064466,S_718,1400,1700,3500,5,10
37.27782133,127.0745334,S_719,0500,1000,None,5,10
37.26668824,127.0918543,S_720,0500,2200,None,5,10
37.27242458,127.1275882,S_721,0500,2200,None,5,10
37.26657957,127.1076939,S_722,0500,1000,None,5,10
37.25395722,127.1082969,S_723,0900,1100,None,5,10
37.23152688,127.1155323,S_724,0500,2200,3500,5,10
37.23797804,127.0683832,S_725,0500,1000,None,5,10
37.29676402,127.1189815,S_726,0500,2200,None,5,10
37.3015797,127.117447,S_727,0500,1000,None,5,10
37.27799596,127.1515984,S_728,0500,1000,3500,5,10
37.27253257,127.1516873,S_729,0500,2200,None,5,10
37.28107184,127.1442402,S_730,1400,1700,None,5,10
37.27051314,127.1383972,S_731,0500,2200,None,5,10
37.32018859,127.1130928,S_732,0500,2200,None,5,10
37.32795741,127.0950287,S_733,1400,1700,None,5,10
37.31946228,127.0887777,S_734,0500,2200,None,5,10
37.32066575,127.0836395,S_735,0500,2200,None,5,10
37.33105012,127.1139969,S_736,0500,2200,None,5,10
37.32591208,127.1067432,S_737,0500,2200,None,5,10
37.32798643,127.1141859,S_738,0900,1100,None,5,10
37.34181687,127.0992209,S_739,0500,1000,None,5,10
37.30462736,127.0811467,S_740,0500,1000,None,5,10
37.31036044,127.0865294,S_741,1400,1700,1000,5,10
37.29963931,127.0727045,S_742,0500,1000,None,5,10
37.31648737,127.0690037,S_743,0500,2200,None,5,10
37.4874893,126.7870458,S_744,1400,1700,3500,5,10
37.49673391,126.7875099,S_745,0500,2200,None,5,10
37.48781303,126.7681853,S_746,0500,1000,None,5,10
37.50605015,126.7625911,S_747,0500,2200,None,5,10
37.5006354,126.7540994,S_748,0500,2200,None,5,10
37.48243727,126.7790032,S_749,0900,1100,None,5,10
37.48004709,126.7999473,S_750,0500,1000,1000,5,10
37.47842207,126.8068974,S_751,1400,1700,None,5,10
37.51677046,126.8031788,S_752,0900,1100,None,5,10
37.52834682,126.7960266,S_753,0500,2200,1000,5,10
37.31032626,126.8661995,S_754,0500,2200,None,5,10
37.30544944,126.8608413,S_755,0500,2200,None,5,10
37.29710511,126.851049,S_756,1400,1700,None,5,10
37.28980955,126.8518788,S_757,1400,1700,None,5,10
37.29473457,126.8200517,S_758,0500,2200,None,5,10
37.28510646,126.8642496,S_759,0500,2200,3500,5,10
37.29630048,126.8722474,S_760,0500,2200,None,5,10
37.30145972,126.8638337,S_761,1400,1700,1000,5,10
37.33167223,126.8610096,S_762,0500,2200,None,5,10
37.33370457,126.8568339,S_763,0500,1000,None,5,10
37.32064549,126.8495165,S_764,0500,2200,3500,5,10
37.30605199,126.9021677,S_765,0900,1100,None,5,10
37.36187569,126.8733522,S_766,0500,2200,None,5,10
37.34177726,126.8255506,S_767,0900,1100,3500,5,10
37.32707575,126.8191722,S_768,0500,2200,None,5,10
37.32385698,126.8376159,S_769,0500,1000,None,5,10
37.31028096,126.8243856,S_770,0500,2200,None,5,10
37.33328929,126.79087,S_771,0500,2200,None,5,10
37.32808335,126.7970462,S_772,0900,1100,None,5,10
37.33483281,126.783189,S_773,0500,2200,None,5,10
37.30997511,126.8168663,S_774,0500,2200,1000,5,10
37.3343098,126.8044121,S_775,0500,2200,3500,5,10
37.33836025,126.8029217,S_776,0500,2200,None,5,10
37.34504684,126.812543,S_777,1400,1700,None,5,10
37.24376364,126.5855223,S_778,0900,1100,None,5,10
37.5855713,127.2164326,S_779,0500,2200,None,5,10
37.72632836,127.189863,S_780,0500,2200,None,5,10
37.65784853,127.3007112,S_781,1400,1700,None,5,10
37.65464174,127.1776871,S_782,1400,1700,None,5,10
37.69857479,127.2048424,S_783,0500,1000,None,5,10
37.64898445,127.1446679,S_784,0500,2200,None,5,10
37.70267735,127.1248906,S_785,0900,1100,3500,5,10
37.70361668,127.3259212,S_786,1400,1700,None,5,10
37.53588277,127.3034549,S_787,0500,2200,None,5,10
37.65456793,127.2489488,S_788,0500,2200,None,5,10
37.6484036,127.2361037,S_789,0500,2200,None,5,10
37.63208243,127.2056676,S_790,1400,1700,1000,5,10
37.61635592,127.1871418,S_791,0500,2200,None,5,10
37.61390327,127.1553445,S_792,0500,2200,None,5,10
37.6076511,127.1695076,S_793,0500,1000,None,5,10
37.64616615,127.1218825,S_794,0500,1000,None,5,10
37.39910194,126.9258995,S_795,0500,2200,None,5,10
37.4050866,126.917832,S_796,0500,1000,None,5,10
37.39628324,126.914745,S_797,1400,1700,3500,5,10
37.39654594,126.9178758,S_798,0500,2200,None,5,10
37.39429847,126.9208441,S_799,0500,1000,None,5,10
37.39006762,126.9305797,S_800,0500,1000,None,5,10
37.39146476,126.933741,S_801,0500,2200,None,5,10
37.38419674,126.9321362,S_802,0500,1000,None,5,10
37.39147219,126.908423,S_803,1400,1700,1000,5,10
37.41962526,126.9106255,S_804,0900,1100,None,5,10
37.41386797,126.909374,S_805,1400,1700,3500,5,10
37.40920979,126.8994447,S_806,0500,2200,None,5,10
37.40365179,126.9091723,S_807,0500,2200,None,5,10
37.40195985,126.9047083,S_808,0500,2200,1000,5,10
37.39978615,126.9337385,S_809,1400,1700,None,5,10
37.39794469,126.9388492,S_810,0500,2200,1000,5,10
37.4040587,126.9455656,S_811,0500,2200,None,5,10
37.39367164,126.9471701,S_812,1400,1700,None,5,10
37.39609732,126.9501774,S_813,0500,2200,3500,5,10
37.40615135,126.9614643,S_814,1400,1700,None,5,10
37.4022796,126.970997,S_815,0500,2200,None,5,10
37.39873555,126.9594648,S_816,0900,1100,1000,5,10
37.39465532,126.9770838,S_817,0500,1000,None,5,10
37.39039994,126.9642711,S_818,0500,2200,None,5,10
37.38552318,126.969499,S_819,1400,1700,None,5,10
37.37086432,126.9583076,S_820,0900,1100,1000,5,10
37.38643152,126.9452976,S_821,0500,2200,None,5,10
37.3676845,126.9587908,S_822,0500,2200,None,5,10
37.38976203,126.9525134,S_823,0500,2200,None,5,10
37.38180475,126.9563165,S_824,0500,2200,1000,5,10
37.37614513,126.9661676,S_825,0500,1000,None,5,10
37.22022743,126.9502631,S_826,0500,2200,3500,5,10
37.08982591,126.8153621,S_827,1400,1700,None,5,10
37.13242413,126.9203224,S_828,0500,2200,None,5,10
37.21176342,126.8237702,S_829,1400,1700,None,5,10
37.25235135,126.9091344,S_830,1400,1700,None,5,10
37.23581859,126.8738925,S_831,0500,2200,None,5,10
37.205486,126.7696448,S_832,0500,1000,None,5,10
37.21784005,126.7391625,S_833,0500,1000,None,5,10
37.16658869,126.7087711,S_834,1400,1700,None,5,10
37.16223388,126.9049013,S_835,1400,1700,1000,5,10
37.0798361,126.8313186,S_836,0500,1000,None,5,10
37.08167052,126.9454844,S_837,0500,1000,None,5,10
37.16027294,126.9711097,S_838,0500,2200,None,5,10
37.28124581,126.8187163,S_839,0500,1000,None,5,10
37.21333345,127.0350032,S_840,0500,2200,3500,5,10
37.20687016,127.0372758,S_841,0900,1100,None,5,10
37.21147771,127.0430227,S_842,0500,2200,None,5,10
37.23313853,127.0605908,S_843,0500,2200,3500,5,10
37.22428167,126.9845288,S_844,0500,1000,1000,5,10
37.20609243,127.0148686,S_845,0500,1000,3500,5,10
37.20645935,127.071923,S_846,0500,1000,None,5,10
37.19694455,127.0723124,S_847,0500,2200,None,5,10
37.20994358,127.0587656,S_848,1400,1700,None,5,10
37.19979999,127.1122094,S_849,0900,1100,None,5,10
37.21026367,127.1039656,S_850,0500,2200,None,5,10
37.19146381,127.0901757,S_851,0500,1000,None,5,10
37.17054785,127.1104567,S_852,0500,1000,3500,5,10
37.1622997,127.105276,S_853,1400,1700,None,5,10
36.96517665,127.0623454,S_854,0500,2200,3500,5,10
36.98562396,126.9319962,S_855,1400,1700,3500,5,10
36.9828199,126.8853101,S_856,0900,1100,None,5,10
37.10008498,127.0908889,S_857,0500,2200,None,5,10
37.10824135,127.0353324,S_858,1400,1700,None,5,10
37.00769595,126.9800784,S_860,0500,2200,None,5,10
37.04007247,126.9345821,S_861,0500,2200,None,5,10
36.96734796,126.9214891,S_862,1400,1700,None,5,10
37.05555845,127.0560539,S_863,0500,2200,None,5,10
37.0677688,127.0546908,S_864,0500,1000,None,5,10
37.04440469,127.0948511,S_865,0500,2200,None,5,10
37.0774061,127.0575823,S_866,0500,2200,None,5,10
37.08165063,127.0602332,S_867,0500,1000,3500,5,10
37.0839629,127.0523885,S_868,0500,2200,None,5,10
37.07645155,127.0524347,S_869,0500,1000,None,5,10
36.99003881,127.0926502,S_870,0500,2200,None,5,10
36.98927797,127.0804967,S_871,0500,1000,1000,5,10
37.00079812,127.0872779,S_872,0500,1000,None,5,10
37.01093959,127.1121799,S_873,0500,1000,3500,5,10
36.99030711,127.1117539,S_874,0500,1000,None,5,10
36.99995521,127.0824189,S_875,0500,2200,None,5,10
36.99757234,127.1337314,S_876,0500,2200,None,5,10
37.01522983,127.1034274,S_877,0500,2200,None,5,10
37.74644875,127.0476178,S_879,0500,2200,None,5,10
37.74078126,127.0427874,S_880,1400,1700,None,5,10
37.732282,127.0491381,S_881,0500,2200,None,5,10
37.72640948,127.0542646,S_882,0500,2200,3500,5,10
37.71199191,127.048759,S_883,1400,1700,None,5,10
37.72645877,127.0431115,S_884,0500,2200,None,5,10
37.73153905,127.0567887,S_885,0500,2200,None,5,10
37.7436179,127.0579061,S_886,1400,1700,None,5,10
37.73115271,127.0868172,S_887,1400,1700,3500,5,10
37.73974459,127.0900012,S_888,0500,1000,None,5,10
37.75031395,127.0581527,S_889,0500,1000,None,5,10
37.75060027,127.0386437,S_890,0500,2200,None,5,10
37.74627859,127.0307081,S_891,1400,1700,3500,5,10
37.76015774,127.0323235,S_892,1400,1700,None,5,10
37.44850809,126.7846944,S_893,0500,2200,None,5,10
37.4354743,126.7817918,S_894,0500,2200,None,5,10
37.40617922,126.7846121,S_895,0500,1000,None,5,10
37.43644671,126.7979837,S_896,0500,2200,None,5,10
37.41800923,126.8153434,S_897,0500,2200,None,5,10
37.38165404,126.8587492,S_898,0500,2200,None,5,10
37.34001257,126.7850261,S_899,0500,2200,None,5,10
37.34940868,126.7460656,S_900,0500,1000,None,5,10
37.34025993,126.7439835,S_901,0500,1000,None,5,10
37.3510394,126.728949,S_902,0900,1100,1000,5,10
37.3576114,126.7264502,S_903,1400,1700,None,5,10
37.3655036,126.7322533,S_904,0500,1000,None,5,10
37.37170497,126.7357332,S_905,0500,2200,1000,5,10
37.3681856,126.730671,S_906,1400,1700,None,5,10
37.43687441,126.8328888,S_907,0500,1000,None,5,10
37.38153011,126.8034548,S_908,0500,2200,None,5,10
37.36641994,126.8159456,S_909,0500,2200,None,5,10
37.38889395,126.7423901,S_910,0500,2200,None,5,10
37.37748184,126.7880785,S_911,0500,2200,None,5,10
37.85654905,126.7909555,S_912,0900,1100,None,5,10
37.74328236,126.8098644,S_913,0500,2200,None,5,10
37.84916518,126.8823945,S_914,1400,1700,None,5,10
37.83074372,126.8199777,S_915,0500,2200,None,5,10
37.77616345,126.8512198,S_916,0500,2200,None,5,10
37.80246048,126.7161233,S_917,0500,2200,1000,5,10
37.79929135,126.7891973,S_918,0500,1000,None,5,10
37.95428412,126.9176152,S_919,1400,1700,1000,5,10
37.92188568,126.837603,S_920,0500,2200,None,5,10
37.75302558,126.746896,S_921,0500,2200,None,5,10
37.72410397,126.7515033,S_922,1400,1700,None,5,10
37.72410397,126.7515033,S_923,0500,2200,None,5,10
37.71711557,126.743626,S_924,0900,1100,None,5,10
37.76634582,126.7759723,S_925,0500,2200,None,5,10
37.75158647,126.7771997,S_926,1400,1700,3500,5,10
37.77141527,126.778354,S_927,0500,2200,None,5,10
37.6917908,126.5972956,S_928,0500,1000,None,5,10
37.60330465,126.7709491,S_929,0500,2200,None,5,10
37.65720114,126.6254312,S_930,1400,1700,None,5,10
37.64909142,126.5819003,S_931,1400,1700,None,5,10
37.71513768,126.5528425,S_932,0500,2200,1000,5,10
37.72017754,126.6313364,S_933,0500,1000,None,5,10
37.62756741,126.7057384,S_934,0500,2200,None,5,10
37.65230612,126.6716999,S_935,0900,1100,None,5,10
37.61930809,126.7167499,S_936,0500,2200,3500,5,10
37.60214912,126.7220352,S_937,0500,2200,None,5,10
37.63972435,126.6713325,S_938,0500,1000,None,5,10
37.64647889,126.6236797,S_939,0500,2200,None,5,10
37.65143519,126.6832502,S_940,0900,1100,None,5,10
37.64111443,126.6439911,S_941,0500,2200,3500,5,10
37.48335674,126.8559232,S_942,0500,1000,None,5,10
37.48335674,126.8559232,S_943,0500,1000,None,5,10
37.48021789,126.856949,S_944,0500,1000,None,5,10
37.47713341,126.8563141,S_945,0500,2200,None,5,10
37.47876808,126.8475135,S_946,0500,2200,None,5,10
37.47105755,126.848664,S_947,0900,1100,None,5,10
37.46938912,126.8530707,S_948,0500,1000,None,5,10
37.49081757,126.8679025,S_949,0500,2200,None,5,10
37.47694723,126.8722074,S_951,0500,2200,1000,5,10
37.47409065,126.8645002,S_952,1400,1700,None,5,10
37.46512676,126.8690487,S_953,1400,1700,None,5,10
37.46470394,126.874724,S_954,0500,2200,None,5,10
37.45871347,126.8816192,S_955,0900,1100,None,5,10
37.46571127,126.8777311,S_956,0900,1100,None,5,10
37.45222291,126.8849694,S_957,0500,2200,None,5,10
37.43211592,126.880213,S_958,0900,1100,3500,5,10
37.41546028,126.8513462,S_960,0500,2200,None,5,10
37.36613244,127.2286186,S_961,0500,2200,None,5,10
37.38524458,127.2879437,S_962,0500,2200,None,5,10
37.35093259,127.3523771,S_963,0500,2200,None,5,10
37.30481922,127.3311703,S_964,0900,1100,None,5,10
37.46690586,127.3071242,S_965,0900,1100,3500,5,10
37.494275,127.3019844,S_966,0500,1000,None,5,10
37.4633815,127.2442807,S_967,0500,2200,None,5,10
37.41085851,127.2572906,S_968,0500,2200,None,5,10
37.39987292,127.2702267,S_969,1400,1700,None,5,10
37.41969131,127.2461005,S_970,0500,2200,None,5,10
37.41969131,127.2461005,S_971,1400,1700,None,5,10
37.39201632,127.2296807,S_972,0500,1000,None,5,10
37.38903241,127.2298175,S_973,1400,1700,None,5,10
37.35361204,126.9455589,S_974,0500,2200,1000,5,10
37.34634696,126.94308,S_975,0500,1000,None,5,10
37.37336832,126.9385758,S_976,0900,1100,None,5,10
37.37002007,126.9327115,S_977,0500,2200,None,5,10
37.36540019,126.9392714,S_978,0500,2200,None,5,10
37.35843909,126.9390402,S_979,0500,2200,None,5,10
37.35103214,126.9295372,S_980,1400,1700,None,5,10
37.35606667,126.9210368,S_981,0500,2200,3500,5,10
37.35965817,126.9218479,S_982,0900,1100,None,5,10
37.36208607,126.927942,S_983,0500,2200,1000,5,10
37.33028283,126.9153444,S_984,0500,2200,None,5,10
37.31622446,126.9238208,S_985,0500,1000,None,5,10
37.15235202,127.0732064,S_986,0500,1000,1000,5,10
37.13865105,127.0717203,S_987,0500,2200,None,5,10
37.15458776,127.0634543,S_988,0500,1000,None,5,10
37.17664285,127.0545674,S_989,0500,2200,None,5,10
37.18830046,127.0408252,S_990,0500,1000,None,5,10
37.14019607,127.0441039,S_991,0500,1000,None,5,10
37.11494247,127.6168355,S_992,0500,2200,None,5,10
37.28363373,127.4872921,S_993,0500,2200,None,5,10
37.30623232,127.4042463,S_994,0500,2200,None,5,10
37.33908652,127.4907291,S_995,0500,2200,None,5,10
37.22272225,127.4249087,S_996,0500,2200,1000,5,10
37.24897314,127.3579683,S_997,1400,1700,None,5,10
37.22987622,127.4923881,S_998,0500,1000,None,5,10
37.17180694,127.4801037,S_999,0500,2200,3500,5,10
37.13236181,127.5219963,S_1000,0500,2200,None,5,10
37.09431119,127.5464538,S_1001,0500,2200,3500,5,10
37.28288736,127.4411466,S_1002,0900,1100,None,5,10
37.2903844,127.452482,S_1003,0500,1000,None,5,10
37.27823858,127.4410727,S_1004,0500,2200,None,5,10
37.28265925,127.438227,S_1005,0500,2200,None,5,10
37.00101805,127.1725171,S_1006,1400,1700,None,5,10
37.0230248,127.2908741,S_1007,0500,1000,None,5,10
36.99722241,127.3174707,S_1008,1400,1700,None,5,10
36.94330615,127.2595512,S_1009,0500,2200,None,5,10
36.97525445,127.2148414,S_1010,1400,1700,None,5,10
37.01242783,127.2379048,S_1011,1400,1700,None,5,10
37.06005113,127.1946201,S_1012,0500,2200,None,5,10
37.03957521,127.1294469,S_1013,0500,2200,3500,5,10
37.09056761,127.477036,S_1014,0900,1100,1000,5,10
37.07856015,127.4224809,S_1015,0500,2200,1000,5,10
37.07319344,127.3749468,S_1016,0500,1000,None,5,10
37.08269481,127.2634588,S_1017,0500,2200,None,5,10
37.00567175,127.2742665,S_1018,0900,1100,None,5,10
37.00055641,127.2697871,S_1019,0500,2200,None,5,10
37.01423479,127.2577401,S_1020,0500,2200,None,5,10
37.79478033,126.9852909,S_1021,0500,2200,None,5,10
37.875102,127.0244053,S_1022,0500,2200,3500,5,10
37.89761341,126.9768945,S_1023,0500,1000,None,5,10
37.82459293,126.9836295,S_1024,1400,1700,None,5,10
37.71788521,126.9408836,S_1025,0500,2200,None,5,10
37.77335938,127.0440705,S_1026,0500,2200,None,5,10
37.79689463,127.0803438,S_1027,0500,2200,None,5,10
37.84705955,127.0646529,S_1028,0500,1000,None,5,10
37.82166172,127.0467604,S_1029,0500,2200,None,5,10
37.83782812,127.0689248,S_1030,1400,1700,None,5,10
37.837243,127.0900776,S_1031,1400,1700,None,5,10
37.63112824,127.1165535,S_1032,0500,2200,1000,5,10
37.60123097,127.1276709,S_1035,0500,1000,None,5,10
37.58706434,127.1341579,S_1036,0900,1100,None,5,10
37.59640872,127.1491555,S_1037,0500,1000,3500,5,10
37.59319176,127.1400938,S_1038,0500,2200,1000,5,10
37.59152048,127.1386678,S_1039,1400,1700,None,5,10
37.82349671,127.1384307,S_1040,0500,2200,3500,5,10
37.8889586,127.2177707,S_1041,1400,1700,None,5,10
37.78613867,127.2285903,S_1042,0500,2200,1000,5,10
37.84821089,127.1861434,S_1043,0500,2200,1000,5,10
37.93368611,127.2264121,S_1044,1400,1700,1000,5,10
37.99131124,127.1890866,S_1045,1400,1700,1000,5,10
38.00542802,127.2446602,S_1046,0500,2200,None,5,10
37.96127414,127.3172856,S_1047,0900,1100,None,5,10
38.03072042,127.3673066,S_1048,0500,2200,None,5,10
38.08929432,127.2756337,S_1049,1400,1700,None,5,10
38.15773197,127.2507111,S_1050,0500,2200,1000,5,10
37.90119218,127.2880776,S_1051,0500,2200,None,5,10
37.89821688,127.2003247,S_1052,1400,1700,None,5,10
37.8541363,127.1592045,S_1053,1400,1700,3500,5,10
37.34580156,126.9768957,S_1054,0500,1000,None,5,10
37.31873929,126.956765,S_1055,0900,1100,None,5,10
37.35360006,126.9715227,S_1056,0500,1000,1000,5,10
37.37828396,126.9755967,S_1057,0900,1100,None,5,10
37.38752757,126.9816108,S_1058,0900,1100,None,5,10
37.38873127,126.9963688,S_1059,0900,1100,None,5,10
37.51922872,127.2240438,S_1060,0900,1100,None,5,10
37.53879794,127.2095924,S_1061,0500,2200,None,5,10
37.5416895,127.2139216,S_1062,0500,2200,None,5,10
37.53514319,127.1984489,S_1063,0500,2200,None,5,10
37.54227921,127.1981187,S_1064,0500,2200,None,5,10
37.55251244,127.2047861,S_1065,0900,1100,None,5,10
37.54901882,127.1850909,S_1066,0500,2200,1000,5,10
37.56034074,127.1887902,S_1067,0500,2200,None,5,10
37.56718307,127.1860679,S_1068,0500,2200,None,5,10
37.51618877,127.1617354,S_1069,0500,1000,None,5,10
37.47720644,127.1524259,S_1071,0500,2200,None,5,10
37.52216576,127.1941471,S_1072,0500,2200,None,5,10
37.5366037,127.1708579,S_1073,1400,1700,None,5,10
37.20165418,127.5448729,S_1074,0500,2200,None,5,10
37.20601228,127.6622986,S_1075,0500,1000,None,5,10
37.2999858,127.5734637,S_1076,0500,2200,1000,5,10
37.33330365,127.5414254,S_1077,0500,2200,3500,5,10
37.39257969,127.5333597,S_1078,0500,2200,None,5,10
37.40206306,127.442956,S_1079,0900,1100,None,5,10
37.37507087,127.5865435,S_1080,1400,1700,None,5,10
37.32905517,127.6790797,S_1081,0500,2200,3500,5,10
37.27284624,127.7110728,S_1082,0500,2200,None,5,10
37.29496555,127.6396267,S_1083,1400,1700,None,5,10
37.29868089,127.6293104,S_1084,0500,2200,3500,5,10
37.30521189,127.6382715,S_1085,0500,1000,None,5,10
37.48643135,127.4935139,S_1086,1400,1700,None,5,10
37.47720344,127.4854783,S_1087,0500,2200,None,5,10
37.49497346,127.4104507,S_1088,0500,2200,None,5,10
37.54397862,127.3260534,S_1089,0900,1100,None,5,10
37.51813219,127.4561598,S_1090,0900,1100,None,5,10
37.60658362,127.3487121,S_1091,0500,2200,None,5,10
37.53855944,127.672992,S_1092,0500,2200,1000,5,10
37.55625458,127.7107202,S_1093,0500,1000,None,5,10
37.42512212,127.7511876,S_1094,0500,2200,None,5,10
37.47446265,127.6393253,S_1095,0900,1100,None,5,10
37.48666949,127.5957862,S_1096,0500,1000,None,5,10
37.42598763,127.5367961,S_1097,1400,1700,None,5,10
37.90739536,127.0658957,S_1098,0500,1000,None,5,10
37.9011996,127.0498981,S_1099,0500,2200,3500,5,10
37.90775602,127.0532387,S_1100,0900,1100,None,5,10
37.91764264,127.061317,S_1101,1400,1700,None,5,10
37.89851186,127.062438,S_1102,1400,1700,1000,5,10
37.89033083,127.0544489,S_1103,0500,2200,None,5,10
37.92949062,127.0572526,S_1104,0500,2200,3500,5,10
37.90537313,127.0442787,S_1105,1400,1700,None,5,10
37.43319214,126.9934082,S_1106,0500,2200,3500,5,10
37.41938914,126.9891306,S_1107,0500,2200,None,5,10
37.42417028,126.9937191,S_1108,0500,1000,3500,5,10
37.43345983,126.9985418,S_1109,0500,2200,None,5,10
37.44837398,126.9953952,S_1110,0500,2200,None,5,10
37.42640288,127.0018992,S_1111,0500,2200,None,5,10
37.82536075,127.5165366,S_1112,0900,1100,None,5,10
37.67610107,127.494089,S_1113,0500,1000,None,5,10
37.74044295,127.4241532,S_1114,0900,1100,None,5,10
37.80469731,127.3567949,S_1115,0500,2200,None,5,10
37.81771876,127.3531912,S_1116,1400,1700,None,5,10
37.88813598,127.5492734,S_1117,0900,1100,None,5,10
38.10392513,127.0758173,S_1118,0500,1000,None,5,10
38.02800257,127.0637049,S_1119,1400,1700,None,5,10
38.08518847,127.0190682,S_1120,1400,1700,None,5,10
37.98172744,127.0677696,S_1121,1400,1700,1000,5,10
38.02971379,126.9179708,S_1122,0500,2200,None,5,10
38.04743055,126.9928328,S_1123,0500,2200,None,5,10
38.0581977,127.0128518,S_1124,0500,2200,None,5,10
38.18294289,127.106953,S_1125,1400,1700,None,5,10
38.13582461,127.0191015,S_1126,0500,2200,None,5,10
37.98176699,126.8842006,S_1127,0500,2200,None,5,10
